Type,Date,Part of a policing operation,Policing operation,Latitude,Longitude,Gender,Age range,Self-defined ethnicity,Officer-defined ethnicity,Legislation,Object of search,Outcome,Outcome linked to object of search,Removal of more than just outer clothing
Person search,2023-08-01T16:49:46+00:00,,,51.513736,-0.095224,Male,over 34,Asian/Asian British - Bangladeshi,Asian,Police and Criminal Evidence Act 1984 (section 1),Stolen goods,Arrest,True,False
Person search,2023-08-02T01:18:13+00:00,,,51.517296,-0.081902,Male,18-24,Mixed/Multiple ethnic groups - White and Black African,Other,Police and Criminal Evidence Act 1984 (section 1),Stolen goods,Arrest,True,False
Person search,2023-08-02T03:51:06+00:00,,,51.517296,-0.081902,Male,over 34,Other ethnic group - Not stated,Other,Police and Criminal Evidence Act 1984 (section 1),Article for use in theft,Arrest,True,False
Person search,2023-08-02T03:52:17+00:00,,,51.518700,-0.101359,Female,18-24,White - English/Welsh/Scottish/Northern Irish/British,White,Misuse of Drugs Act 1971 (section 23),Controlled drugs,A no further action disposal,False,False
Person search,2023-08-02T14:32:48+00:00,,,51.517296,-0.081902,Male,over 34,White - English/Welsh/Scottish/Northern Irish/British,White,Police and Criminal Evidence Act 1984 (section 1),Stolen goods,A no further action disposal,False,False
Person search,2023-08-03T05:47:52+00:00,,,51.517239,-0.106076,Male,over 34,White - Any other White background,White,Police and Criminal Evidence Act 1984 (section 1),Evidence of offences under the Act,Arrest,True,False
Person and Vehicle search,2023-08-03T10:01:17+00:00,,,51.517461,-0.089808,Male,18-24,Other ethnic group - Not stated,White,Misuse of Drugs Act 1971 (section 23),Controlled drugs,A no further action disposal,False,False
Person search,2023-08-03T11:33:40+00:00,,,51.509797,-0.083600,Male,18-24,Black/African/Caribbean/Black British - Caribbean,Black,Police and Criminal Evidence Act 1984 (section 1),Article for use in theft,A no further action disposal,True,False
Person search,2023-08-03T12:57:15+00:00,,,51.517296,-0.081902,Male,25-34,Other ethnic group - Not stated,White,Police and Criminal Evidence Act 1984 (section 1),Article for use in theft,A no further action disposal,False,False
Person search,2023-08-03T13:11:00+00:00,,,51.513631,-0.086019,Male,over 34,Mixed/Multiple ethnic groups - White and Black Caribbean,Black,Police and Criminal Evidence Act 1984 (section 1),Article for use in theft,A no further action disposal,False,False
Person search,2023-08-03T13:34:07+00:00,,,,,Male,over 34,Black/African/Caribbean/Black British - Caribbean,Black,Police and Criminal Evidence Act 1984 (section 1),Stolen goods,A no further action disposal,False,False
Person search,2023-08-03T15:44:18+00:00,,,51.515387,-0.097245,Male,25-34,Other ethnic group - Not stated,White,Police and Criminal Evidence Act 1984 (section 1),Article for use in theft,A no further action disposal,False,False
Person search,2023-08-03T16:55:29+00:00,,,51.513736,-0.095224,Male,over 34,White - English/Welsh/Scottish/Northern Irish/British,White,Police and Criminal Evidence Act 1984 (section 1),Stolen goods,Arrest,True,False
Person search,2023-08-03T19:24:07+00:00,,,51.518692,-0.081512,Male,25-34,Other ethnic group - Not stated,White,Misuse of Drugs Act 1971 (section 23),Controlled drugs,A no further action disposal,False,False
Person search,2023-08-03T19:31:36+00:00,,,51.518692,-0.081512,Male,25-34,White - English/Welsh/Scottish/Northern Irish/British,White,Misuse of Drugs Act 1971 (section 23),Controlled drugs,Khat or Cannabis warning,True,False
Person and Vehicle search,2023-08-03T20:01:52+00:00,,,51.519045,-0.097078,Male,25-34,White - English/Welsh/Scottish/Northern Irish/British,White,Misuse of Drugs Act 1971 (section 23),Controlled drugs,A no further action disposal,True,True
Person and Vehicle search,2023-08-03T22:50:37+00:00,,,51.510725,-0.084844,Male,18-24,Other ethnic group - Not stated,Asian,Misuse of Drugs Act 1971 (section 23),Controlled drugs,Arrest,True,False
Person and Vehicle search,2023-08-03T22:57:02+00:00,,,51.510725,-0.084844,Male,18-24,Asian/Asian British - Bangladeshi,Asian,Misuse of Drugs Act 1971 (section 23),Controlled drugs,Arrest,True,False
Person search,2023-08-03T23:33:15+00:00,,,51.516869,-0.081113,Male,18-24,Other ethnic group - Not stated,White,Misuse of Drugs Act 1971 (section 23),Controlled drugs,A no further action disposal,False,False
Person and Vehicle search,2023-08-04T03:06:23+00:00,,,51.513736,-0.095224,Male,18-24,Black/African/Caribbean/Black British - Caribbean,Black,Misuse of Drugs Act 1971 (section 23),Controlled drugs,A no further action disposal,True,False
Person search,2023-08-04T03:27:14+00:00,,,51.513736,-0.095224,Male,18-24,Black/African/Caribbean/Black British - Caribbean,Black,Misuse of Drugs Act 1971 (section 23),Controlled drugs,A no further action disposal,True,False
Person search,2023-08-04T03:58:53+00:00,,,51.513736,-0.095224,Female,18-24,Black/African/Caribbean/Black British - African,Black,Misuse of Drugs Act 1971 (section 23),Controlled drugs,A no further action disposal,True,False
Person and Vehicle search,2023-08-04T20:25:24+00:00,,,51.513736,-0.095224,Male,18-24,Other ethnic group - Not stated,Black,Misuse of Drugs Act 1971 (section 23),Controlled drugs,A no further action disposal,True,False
Person search,2023-08-04T20:42:05+00:00,,,51.518692,-0.081512,Male,over 34,Asian/Asian British - Pakistani,Asian,Misuse of Drugs Act 1971 (section 23),Controlled drugs,Khat or Cannabis warning,True,False
Person search,2023-08-05T05:09:37+00:00,,,51.516869,-0.081113,Male,25-34,Other ethnic group - Not stated,Other,Police and Criminal Evidence Act 1984 (section 1),Stolen goods,A no further action disposal,True,False
Person and Vehicle search,2023-08-05T05:15:14+00:00,,,51.516869,-0.081113,Female,25-34,Other ethnic group - Not stated,Other,Misuse of Drugs Act 1971 (section 23),Controlled drugs,A no further action disposal,False,False
Person search,2023-08-05T05:52:37+00:00,,,51.517326,-0.079883,Male,25-34,Other ethnic group - Not stated,Black,Police and Criminal Evidence Act 1984 (section 1),Stolen goods,A no further action disposal,False,False
Person and Vehicle search,2023-08-05T13:03:02+00:00,,,51.517461,-0.089808,Male,18-24,Other ethnic group - Not stated,White,Police and Criminal Evidence Act 1984 (section 1),Article for use in theft,A no further action disposal,False,False
Person and Vehicle search,2023-08-05T13:03:02+00:00,,,51.517461,-0.089808,Male,10-17,Other ethnic group - Not stated,White,Police and Criminal Evidence Act 1984 (section 1),Article for use in theft,A no further action disposal,False,False
Person and Vehicle search,2023-08-05T13:03:02+00:00,,,51.517461,-0.089808,Male,10-17,White - Any other White background,White,Police and Criminal Evidence Act 1984 (section 1),Article for use in theft,A no further action disposal,False,False
Person and Vehicle search,2023-08-05T13:03:02+00:00,,,,,Male,18-24,Other ethnic group - Not stated,White,Police and Criminal Evidence Act 1984 (section 1),Article for use in theft,A no further action disposal,False,False
Person and Vehicle search,2023-08-05T13:03:02+00:00,,,,,Male,10-17,Other ethnic group - Not stated,White,Police and Criminal Evidence Act 1984 (section 1),Article for use in theft,A no further action disposal,False,False
Person and Vehicle search,2023-08-05T13:03:02+00:00,,,,,Male,10-17,White - Any other White background,White,Police and Criminal Evidence Act 1984 (section 1),Article for use in theft,A no further action disposal,False,False
Person search,2023-08-05T13:12:37+00:00,,,,,Male,18-24,White - Any other White background,White,Police and Criminal Evidence Act 1984 (section 1),Article for use in theft,A no further action disposal,False,False
Person search,2023-08-05T13:30:15+00:00,,,,,Female,,White - Any other White background,White,Police and Criminal Evidence Act 1984 (section 1),Article for use in theft,A no further action disposal,False,False
Person search,2023-08-05T13:37:19+00:00,,,,,Male,,,,Police and Criminal Evidence Act 1984 (section 1),Article for use in theft,A no further action disposal,False,False
Person search,2023-08-05T13:49:35+00:00,,,51.515383,-0.078783,Male,,Other ethnic group - Not stated,White,Misuse of Drugs Act 1971 (section 23),Controlled drugs,A no further action disposal,False,False
Person and Vehicle search,2023-08-05T13:58:08+00:00,,,51.517461,-0.089808,Male,18-24,Other ethnic group - Not stated,White,Police and Criminal Evidence Act 1984 (section 1),Article for use in theft,A no further action disposal,False,False
Person and Vehicle search,2023-08-05T13:58:08+00:00,,,51.517461,-0.089808,Male,10-17,Other ethnic group - Not stated,White,Police and Criminal Evidence Act 1984 (section 1),Article for use in theft,A no further action disposal,False,False
Person and Vehicle search,2023-08-05T13:58:08+00:00,,,51.517461,-0.089808,Male,10-17,White - Any other White background,White,Police and Criminal Evidence Act 1984 (section 1),Article for use in theft,A no further action disposal,False,False
Person and Vehicle search,2023-08-05T13:58:08+00:00,,,,,Male,18-24,Other ethnic group - Not stated,White,Police and Criminal Evidence Act 1984 (section 1),Article for use in theft,A no further action disposal,False,False
Person and Vehicle search,2023-08-05T13:58:08+00:00,,,,,Male,10-17,Other ethnic group - Not stated,White,Police and Criminal Evidence Act 1984 (section 1),Article for use in theft,A no further action disposal,False,False
Person and Vehicle search,2023-08-05T13:58:08+00:00,,,,,Male,10-17,White - Any other White background,White,Police and Criminal Evidence Act 1984 (section 1),Article for use in theft,A no further action disposal,False,False
Person search,2023-08-05T14:07:21+00:00,,,51.515383,-0.078783,Male,,Other ethnic group - Not stated,Other,Misuse of Drugs Act 1971 (section 23),Controlled drugs,A no further action disposal,False,False
Person search,2023-08-05T21:48:11+00:00,,,51.522869,-0.115068,Male,18-24,Asian/Asian British - Any other Asian background,Asian,Police and Criminal Evidence Act 1984 (section 1),Offensive weapons,A no further action disposal,False,False
Person search,2023-08-05T23:34:43+00:00,,,51.509797,-0.083600,Male,25-34,Other ethnic group - Not stated,White,Police and Criminal Evidence Act 1984 (section 1),Offensive weapons,A no further action disposal,False,False
Person search,2023-08-05T23:41:30+00:00,,,51.516869,-0.081113,Male,18-24,Other ethnic group - Not stated,Other,Police and Criminal Evidence Act 1984 (section 1),Article for use in theft,A no further action disposal,False,False
Person search,2023-08-05T23:44:31+00:00,,,51.516869,-0.081113,Male,25-34,Other ethnic group - Not stated,Other,Police and Criminal Evidence Act 1984 (section 1),Article for use in theft,A no further action disposal,False,False
Person search,2023-08-06T00:34:24+00:00,,,51.516869,-0.081113,Male,25-34,Other ethnic group - Not stated,White,Police and Criminal Evidence Act 1984 (section 1),Article for use in theft,A no further action disposal,False,False
Person and Vehicle search,2023-08-06T21:38:27+00:00,,,51.514770,-0.101292,Male,18-24,Other ethnic group - Not stated,Asian,Police and Criminal Evidence Act 1984 (section 1),Offensive weapons,A no further action disposal,False,False
Person and Vehicle search,2023-08-07T03:02:24+00:00,,,51.516806,-0.109913,Male,over 34,White - English/Welsh/Scottish/Northern Irish/British,White,Police and Criminal Evidence Act 1984 (section 1),Article for use in theft,A no further action disposal,False,False
Person search,2023-08-07T16:23:27+00:00,,,51.513736,-0.095224,Female,over 34,Other ethnic group - Not stated,Other,Police and Criminal Evidence Act 1984 (section 1),Article for use in theft,A no further action disposal,True,False
Person search,2023-08-07T17:53:05+00:00,,,51.511196,-0.079521,Male,18-24,Other ethnic group - Not stated,White,Police and Criminal Evidence Act 1984 (section 1),Stolen goods,A no further action disposal,False,False
Person search,2023-08-07T17:58:29+00:00,,,51.513736,-0.095224,Male,18-24,Black/African/Caribbean/Black British - African,Black,Police and Criminal Evidence Act 1984 (section 1),Article for use in theft,Arrest,True,False
Person search,2023-08-07T18:33:59+00:00,,,51.513262,-0.105909,Male,25-34,White - Any other White background,White,Misuse of Drugs Act 1971 (section 23),Controlled drugs,A no further action disposal,False,False
Person and Vehicle search,2023-08-07T19:01:14+00:00,,,51.511896,-0.091540,Male,25-34,Other ethnic group - Not stated,Other,Misuse of Drugs Act 1971 (section 23),Controlled drugs,A no further action disposal,False,False
Person search,2023-08-07T21:31:02+00:00,,,51.517326,-0.079883,Male,over 34,White - English/Welsh/Scottish/Northern Irish/British,White,Police and Criminal Evidence Act 1984 (section 1),Stolen goods,A no further action disposal,False,False
Person search,2023-08-07T22:19:00+00:00,,,51.513736,-0.095224,Male,18-24,White - English/Welsh/Scottish/Northern Irish/British,White,Police and Criminal Evidence Act 1984 (section 1),Article for use in theft,A no further action disposal,False,False
Person search,2023-08-08T03:59:43+00:00,,,51.510836,-0.097176,Male,10-17,White - English/Welsh/Scottish/Northern Irish/British,White,Police and Criminal Evidence Act 1984 (section 1),Article for use in theft,A no further action disposal,False,False
Person search,2023-08-08T05:29:26+00:00,,,51.510836,-0.097176,Male,10-17,Other ethnic group - Not stated,White,Police and Criminal Evidence Act 1984 (section 1),Article for use in theft,A no further action disposal,False,False
Person search,2023-08-08T11:57:03+00:00,,,,,Male,18-24,Other ethnic group - Not stated,Asian,Misuse of Drugs Act 1971 (section 23),Controlled drugs,A no further action disposal,True,False
Person search,2023-08-08T15:18:17+00:00,,,51.517007,-0.086815,Male,18-24,Asian/Asian British - Bangladeshi,Asian,Misuse of Drugs Act 1971 (section 23),Controlled drugs,Khat or Cannabis warning,True,False
Person search,2023-08-08T15:50:12+00:00,,,51.517461,-0.089808,Male,18-24,White - Any other White background,White,Misuse of Drugs Act 1971 (section 23),Controlled drugs,A no further action disposal,False,True
Person and Vehicle search,2023-08-08T15:50:12+00:00,,,51.517296,-0.081902,Male,25-34,White - Any other White background,White,Police and Criminal Evidence Act 1984 (section 1),Offensive weapons,A no further action disposal,True,False
Person search,2023-08-08T16:01:07+00:00,,,51.513631,-0.086019,Male,over 34,Black/African/Caribbean/Black British - Any other Black/African/Caribbean background,Black,Police and Criminal Evidence Act 1984 (section 1),Article for use in theft,A no further action disposal,False,False
Person search,2023-08-09T03:00:57+00:00,,,,,Male,25-34,Other ethnic group - Not stated,Black,Misuse of Drugs Act 1971 (section 23),Controlled drugs,Arrest,True,False
Person and Vehicle search,2023-08-09T10:32:47+00:00,,,51.508588,-0.074039,Male,over 34,White - English/Welsh/Scottish/Northern Irish/British,White,Misuse of Drugs Act 1971 (section 23),Controlled drugs,A no further action disposal,True,False
Person search,2023-08-09T11:15:03+00:00,,,51.508588,-0.074039,Male,over 34,White - English/Welsh/Scottish/Northern Irish/British,White,Misuse of Drugs Act 1971 (section 23),Controlled drugs,A no further action disposal,True,False
Person search,2023-08-09T15:14:36+00:00,,,51.513882,-0.095924,Male,over 34,Other ethnic group - Not stated,White,Police and Criminal Evidence Act 1984 (section 1),Stolen goods,Arrest,True,False
Person search,2023-08-09T15:26:10+00:00,,,,,Male,10-17,Other ethnic group - Not stated,Black,Police and Criminal Evidence Act 1984 (section 1),Stolen goods,A no further action disposal,False,False
Person search,2023-08-09T15:58:40+00:00,,,,,Male,18-24,Other ethnic group - Not stated,Black,Police and Criminal Evidence Act 1984 (section 1),Offensive weapons,A no further action disposal,False,False
Person search,2023-08-09T17:40:18+00:00,,,51.513286,-0.100201,Male,25-34,Other ethnic group - Not stated,White,Misuse of Drugs Act 1971 (section 23),Controlled drugs,A no further action disposal,True,False
Person and Vehicle search,2023-08-09T18:10:09+00:00,,,51.517461,-0.089808,Male,18-24,Other ethnic group - Not stated,White,Misuse of Drugs Act 1971 (section 23),Controlled drugs,A no further action disposal,False,False
Person search,2023-08-09T20:45:12+00:00,,,51.513647,-0.074330,Female,25-34,Other ethnic group - Any other ethnic group,White,Police and Criminal Evidence Act 1984 (section 1),Stolen goods,A no further action disposal,False,False
Person search,2023-08-09T21:40:56+00:00,,,51.513647,-0.074330,Female,over 34,Other ethnic group - Not stated,White,Police and Criminal Evidence Act 1984 (section 1),Stolen goods,A no further action disposal,False,False
Person search,2023-08-10T11:27:31+00:00,,,51.513736,-0.095224,Female,25-34,Other ethnic group - Not stated,White,Police and Criminal Evidence Act 1984 (section 1),Article for use in theft,A no further action disposal,True,False
Person search,2023-08-10T16:40:16+00:00,,,,,Male,over 34,Other ethnic group - Not stated,White,Misuse of Drugs Act 1971 (section 23),Controlled drugs,A no further action disposal,False,False
Person search,2023-08-10T17:03:06+00:00,,,51.518948,-0.090553,Male,over 34,White - Any other White background,White,Police and Criminal Evidence Act 1984 (section 1),Stolen goods,A no further action disposal,False,False
Person and Vehicle search,2023-08-10T17:43:19+00:00,,,51.505458,-0.100483,Male,25-34,Other ethnic group - Not stated,White,Misuse of Drugs Act 1971 (section 23),Controlled drugs,A no further action disposal,False,True
Person search,2023-08-10T21:08:52+00:00,,,51.519772,-0.060263,Male,over 34,Other ethnic group - Any other ethnic group,Other,Police and Criminal Evidence Act 1984 (section 1),Stolen goods,A no further action disposal,False,False
Person search,2023-08-10T21:10:31+00:00,,,51.515753,-0.078839,Male,18-24,White - English/Welsh/Scottish/Northern Irish/British,White,Misuse of Drugs Act 1971 (section 23),Controlled drugs,A no further action disposal,False,False
Person search,2023-08-11T00:39:09+00:00,,,51.509744,-0.089208,Male,18-24,Other ethnic group - Not stated,Black,Misuse of Drugs Act 1971 (section 23),Controlled drugs,A no further action disposal,False,False
Person search,2023-08-11T00:44:48+00:00,,,51.509744,-0.089208,Male,,Other ethnic group - Not stated,Black,Misuse of Drugs Act 1971 (section 23),Controlled drugs,A no further action disposal,False,False
Person search,2023-08-11T00:57:28+00:00,,,51.509744,-0.089208,Male,18-24,Black/African/Caribbean/Black British - Caribbean,Black,Misuse of Drugs Act 1971 (section 23),Controlled drugs,A no further action disposal,False,False
Person search,2023-08-11T00:58:45+00:00,,,51.509744,-0.089208,Male,18-24,Other ethnic group - Not stated,Black,Misuse of Drugs Act 1971 (section 23),Controlled drugs,A no further action disposal,False,False
Person search,2023-08-11T02:55:58+00:00,,,51.516869,-0.081113,Male,25-34,Other ethnic group - Not stated,Black,Misuse of Drugs Act 1971 (section 23),Controlled drugs,A no further action disposal,False,False
Person and Vehicle search,2023-08-11T04:34:30+00:00,,,51.516869,-0.081113,Male,18-24,Black/African/Caribbean/Black British - Caribbean,Black,Misuse of Drugs Act 1971 (section 23),Controlled drugs,A no further action disposal,False,False
Person search,2023-08-11T13:13:29+00:00,,,51.513736,-0.095224,Male,25-34,Asian/Asian British - Indian,Asian,Police and Criminal Evidence Act 1984 (section 1),Stolen goods,A no further action disposal,True,False
Person search,2023-08-11T15:40:00+00:00,,,51.510725,-0.084844,Male,18-24,Other ethnic group - Not stated,Asian,Misuse of Drugs Act 1971 (section 23),Controlled drugs,A no further action disposal,False,False
Person and Vehicle search,2023-08-11T20:18:29+00:00,,,51.515383,-0.078783,Male,18-24,Other ethnic group - Not stated,Black,Police and Criminal Evidence Act 1984 (section 1),Offensive weapons,A no further action disposal,False,False
Person search,2023-08-12T02:42:08+00:00,,,,,Male,over 34,White - English/Welsh/Scottish/Northern Irish/British,White,Police and Criminal Evidence Act 1984 (section 1),Offensive weapons,A no further action disposal,False,False
Person search,2023-08-12T08:55:37+00:00,,,51.517461,-0.089808,Male,18-24,White - Any other White background,White,Police and Criminal Evidence Act 1984 (section 1),Article for use in theft,A no further action disposal,False,False
Person and Vehicle search,2023-08-12T13:07:18+00:00,,,51.515383,-0.078783,Male,18-24,Other ethnic group - Not stated,White,Misuse of Drugs Act 1971 (section 23),Controlled drugs,A no further action disposal,False,False
Person search,2023-08-12T18:12:19+00:00,,,,,Female,25-34,Other ethnic group - Not stated,Black,Police and Criminal Evidence Act 1984 (section 1),Stolen goods,A no further action disposal,True,False
Person search,2023-08-13T12:57:57+00:00,,,51.513736,-0.095224,Male,over 34,Other ethnic group - Not stated,White,Police and Criminal Evidence Act 1984 (section 1),Article for use in theft,A no further action disposal,False,False
Person and Vehicle search,2023-08-14T05:03:48+00:00,,,,,Male,18-24,Black/African/Caribbean/Black British - Any other Black/African/Caribbean background,Black,Psychoactive Substances Act 2016 (s36(2)),Psychoactive substances,Arrest,True,False
Person search,2023-08-14T05:16:22+00:00,,,,,Male,25-34,Black/African/Caribbean/Black British - African,Black,Psychoactive Substances Act 2016 (s36(2)),Psychoactive substances,Arrest,True,False
Person search,2023-08-14T11:02:47+00:00,,,,,Male,over 34,White - English/Welsh/Scottish/Northern Irish/British,White,Police and Criminal Evidence Act 1984 (section 1),Evidence of offences under the Act,Community resolution,True,False
Person search,2023-08-14T17:19:13+00:00,,,51.512105,-0.085089,Male,25-34,White - English/Welsh/Scottish/Northern Irish/British,White,Misuse of Drugs Act 1971 (section 23),Controlled drugs,A no further action disposal,False,False
Person search,2023-08-14T19:36:24+00:00,,,51.514830,-0.083349,Male,over 34,Black/African/Caribbean/Black British - African,Black,Police and Criminal Evidence Act 1984 (section 1),Article for use in theft,A no further action disposal,False,False
Person search,2023-08-15T00:00:01+00:00,,,51.528383,-0.016473,Male,18-24,Other ethnic group - Not stated,Asian,Police and Criminal Evidence Act 1984 (section 1),Offensive weapons,A no further action disposal,False,False
Person and Vehicle search,2023-08-15T00:58:07+00:00,,,51.526490,-0.016195,Male,25-34,Other ethnic group - Not stated,Asian,Police and Criminal Evidence Act 1984 (section 1),Offensive weapons,A no further action disposal,True,False
Person search,2023-08-15T01:24:00+00:00,,,51.528383,-0.016473,Male,25-34,Asian/Asian British - Bangladeshi,Asian,Police and Criminal Evidence Act 1984 (section 1),Offensive weapons,A no further action disposal,False,False
Person and Vehicle search,2023-08-15T03:08:19+00:00,,,51.517785,-0.079907,Male,25-34,Other ethnic group - Not stated,Asian,Misuse of Drugs Act 1971 (section 23),Controlled drugs,A no further action disposal,False,False
Person search,2023-08-15T03:22:48+00:00,,,51.510441,-0.083977,Male,25-34,Other ethnic group - Not stated,White,Misuse of Drugs Act 1971 (section 23),Controlled drugs,Khat or Cannabis warning,True,False
Person search,2023-08-15T03:22:48+00:00,,,51.510070,-0.081643,Male,25-34,Other ethnic group - Not stated,White,Misuse of Drugs Act 1971 (section 23),Controlled drugs,Khat or Cannabis warning,True,False
Person search,2023-08-15T03:44:18+00:00,,,51.516212,-0.078849,Male,,,,Misuse of Drugs Act 1971 (section 23),Controlled drugs,A no further action disposal,False,False
Person search,2023-08-15T03:44:56+00:00,,,51.516212,-0.078849,Male,,,,Misuse of Drugs Act 1971 (section 23),Controlled drugs,A no further action disposal,False,False
Person search,2023-08-15T03:49:34+00:00,,,51.516212,-0.078849,Male,,,,Misuse of Drugs Act 1971 (section 23),Controlled drugs,A no further action disposal,False,False
Person search,2023-08-15T03:52:48+00:00,,,51.516212,-0.078849,Male,,,,Misuse of Drugs Act 1971 (section 23),Controlled drugs,A no further action disposal,False,False
Person search,2023-08-15T15:14:51+00:00,,,51.513736,-0.095224,Male,25-34,Asian/Asian British - Pakistani,Asian,Police and Criminal Evidence Act 1984 (section 1),Stolen goods,Community resolution,True,False
Person search,2023-08-15T17:27:48+00:00,,,51.513813,-0.073531,Male,25-34,Other ethnic group - Not stated,Other,Misuse of Drugs Act 1971 (section 23),Controlled drugs,Arrest,True,False
Person search,2023-08-15T22:03:06+00:00,,,51.522749,-0.086516,Male,25-34,Other ethnic group - Not stated,White,Misuse of Drugs Act 1971 (section 23),Controlled drugs,A no further action disposal,False,False
Person search,2023-08-15T22:24:00+00:00,,,51.513647,-0.074330,Male,,,,Misuse of Drugs Act 1971 (section 23),Controlled drugs,A no further action disposal,False,False
Person search,2023-08-16T00:42:57+00:00,,,51.517656,-0.077563,Male,over 34,Other ethnic group - Not stated,Asian,Police and Criminal Evidence Act 1984 (section 1),Article for use in theft,A no further action disposal,True,False
Person search,2023-08-16T05:48:03+00:00,,,51.515948,-0.081973,Male,10-17,Other ethnic group - Not stated,Black,Police and Criminal Evidence Act 1984 (section 1),Stolen goods,A no further action disposal,False,False
Person search,2023-08-16T12:01:36+00:00,,,,,Male,,,,Police and Criminal Evidence Act 1984 (section 1),Stolen goods,Arrest,True,False
Person and Vehicle search,2023-08-16T15:52:32+00:00,,,51.517102,-0.088785,Male,18-24,Black/African/Caribbean/Black British - African,Black,Misuse of Drugs Act 1971 (section 23),Controlled drugs,A no further action disposal,True,False
Person and Vehicle search,2023-08-17T00:00:07+00:00,,,51.511224,-0.074130,Male,18-24,Asian/Asian British - Indian,Asian,Misuse of Drugs Act 1971 (section 23),Controlled drugs,Arrest,True,False
Person search,2023-08-17T02:55:56+00:00,,,51.517296,-0.081902,Male,18-24,Other ethnic group - Not stated,White,Misuse of Drugs Act 1971 (section 23),Controlled drugs,A no further action disposal,False,False
Person search,2023-08-17T11:53:16+00:00,,,51.510070,-0.081643,Male,25-34,Other ethnic group - Not stated,Other,Police and Criminal Evidence Act 1984 (section 1),Article for use in theft,A no further action disposal,False,False
Person search,2023-08-17T12:39:31+00:00,,,51.516869,-0.081113,Female,18-24,Other ethnic group - Not stated,White,Police and Criminal Evidence Act 1984 (section 1),Stolen goods,A no further action disposal,False,False
Person search,2023-08-17T13:00:06+00:00,,,51.513736,-0.095224,Male,over 34,White - English/Welsh/Scottish/Northern Irish/British,White,Police and Criminal Evidence Act 1984 (section 1),Stolen goods,A no further action disposal,False,False
Person search,2023-08-17T16:24:46+00:00,,,51.513666,-0.078278,Male,10-17,White - Irish,White,Police and Criminal Evidence Act 1984 (section 1),Stolen goods,Arrest,True,False
Person search,2023-08-17T16:41:19+00:00,,,51.513736,-0.095224,Male,over 34,Other ethnic group - Not stated,Black,Police and Criminal Evidence Act 1984 (section 1),Stolen goods,A no further action disposal,False,False
Person search,2023-08-17T21:13:26+00:00,,,51.516360,-0.082993,Male,over 34,Asian/Asian British - Any other Asian background,Other,Misuse of Drugs Act 1971 (section 23),Controlled drugs,A no further action disposal,False,False
Person search,2023-08-17T21:56:25+00:00,,,,,Male,25-34,Asian/Asian British - Bangladeshi,Asian,Misuse of Drugs Act 1971 (section 23),Controlled drugs,A no further action disposal,False,False
Person search,2023-08-17T22:25:08+00:00,,,,,Male,over 34,Other ethnic group - Not stated,White,Misuse of Drugs Act 1971 (section 23),Controlled drugs,A no further action disposal,False,False
Person search,2023-08-18T00:04:25+00:00,,,,,Male,over 34,Other ethnic group - Not stated,White,Police and Criminal Evidence Act 1984 (section 1),Stolen goods,Arrest,True,False
Person search,2023-08-18T04:02:09+00:00,,,,,Female,18-24,Other ethnic group - Not stated,Asian,Misuse of Drugs Act 1971 (section 23),Controlled drugs,A no further action disposal,False,False
Person search,2023-08-18T09:05:52+00:00,,,51.514427,-0.091823,Male,25-34,Other ethnic group - Not stated,White,Police and Criminal Evidence Act 1984 (section 1),Stolen goods,A no further action disposal,False,False
Person and Vehicle search,2023-08-18T12:25:29+00:00,,,51.514912,-0.079120,Male,over 34,Other ethnic group - Not stated,White,Misuse of Drugs Act 1971 (section 23),Controlled drugs,A no further action disposal,False,False
Person search,2023-08-18T13:34:12+00:00,,,51.516271,-0.092971,Male,25-34,Other ethnic group - Not stated,Other,Police and Criminal Evidence Act 1984 (section 1),Stolen goods,Arrest,True,False
Person search,2023-08-18T14:49:22+00:00,,,51.511196,-0.079521,Male,over 34,White - Irish,White,Police and Criminal Evidence Act 1984 (section 1),Offensive weapons,A no further action disposal,False,False
Person search,2023-08-18T15:42:04+00:00,,,51.511196,-0.079521,Male,over 34,Other ethnic group - Not stated,White,Police and Criminal Evidence Act 1984 (section 1),Offensive weapons,A no further action disposal,False,False
Person search,2023-08-18T16:32:32+00:00,,,51.516103,-0.089822,Male,25-34,Other ethnic group - Not stated,Black,Police and Criminal Evidence Act 1984 (section 1),Article for use in theft,A no further action disposal,False,False
Person search,2023-08-18T19:54:18+00:00,,,51.518898,-0.077078,Male,over 34,Other ethnic group - Not stated,Asian,Misuse of Drugs Act 1971 (section 23),Controlled drugs,A no further action disposal,False,False
Person search,2023-08-18T20:17:50+00:00,,,51.518898,-0.077078,Male,over 34,Other ethnic group - Not stated,Asian,Misuse of Drugs Act 1971 (section 23),Controlled drugs,A no further action disposal,False,False
Person search,2023-08-18T20:49:34+00:00,,,51.517296,-0.081902,Male,10-17,White - English/Welsh/Scottish/Northern Irish/British,White,Police and Criminal Evidence Act 1984 (section 1),Article for use in theft,A no further action disposal,False,False
Person search,2023-08-19T06:51:15+00:00,,,,,Male,25-34,White - Any other White background,White,Police and Criminal Evidence Act 1984 (section 1),Stolen goods,A no further action disposal,False,False
Person and Vehicle search,2023-08-19T20:42:37+00:00,,,51.515225,-0.069709,Male,18-24,Other ethnic group - Not stated,White,Police and Criminal Evidence Act 1984 (section 1),Stolen goods,A no further action disposal,False,False
Person search,2023-08-19T20:53:44+00:00,,,51.515261,-0.071884,Male,25-34,White - Any other White background,White,Police and Criminal Evidence Act 1984 (section 1),Stolen goods,A no further action disposal,False,False
Person search,2023-08-20T04:45:35+00:00,,,51.511759,-0.076038,Male,,Other ethnic group - Not stated,White,Police and Criminal Evidence Act 1984 (section 1),Offensive weapons,A no further action disposal,False,False
Person and Vehicle search,2023-08-20T04:53:02+00:00,,,51.511759,-0.076038,Male,18-24,White - Any other White background,White,Police and Criminal Evidence Act 1984 (section 1),Offensive weapons,A no further action disposal,False,False
Person search,2023-08-20T05:19:42+00:00,,,51.511759,-0.076038,Male,25-34,Other ethnic group - Not stated,Asian,Police and Criminal Evidence Act 1984 (section 1),Offensive weapons,A no further action disposal,False,False
Person search,2023-08-20T07:47:26+00:00,,,51.516869,-0.081113,Male,10-17,Other ethnic group - Not stated,Black,Police and Criminal Evidence Act 1984 (section 1),Stolen goods,A no further action disposal,True,False
Person search,2023-08-20T14:01:00+00:00,,,51.516869,-0.081113,Female,10-17,Other ethnic group - Not stated,Black,Police and Criminal Evidence Act 1984 (section 1),Article for use in theft,A no further action disposal,False,False
Person and Vehicle search,2023-08-20T16:09:06+00:00,,,51.513188,-0.091947,Male,18-24,Black/African/Caribbean/Black British - African,Black,Police and Criminal Evidence Act 1984 (section 1),Psychoactive substances,A no further action disposal,True,False
Person and Vehicle search,2023-08-20T22:17:30+00:00,,,51.519379,-0.102729,Male,18-24,Mixed/Multiple ethnic groups - Any other Mixed/Multiple ethnic background,Other,Police and Criminal Evidence Act 1984 (section 1),Stolen goods,A no further action disposal,False,False
Person search,2023-08-20T22:21:28+00:00,,,51.509872,-0.092633,Male,18-24,Asian/Asian British - Pakistani,Asian,Misuse of Drugs Act 1971 (section 23),Controlled drugs,Arrest,True,False
Person search,2023-08-21T00:27:51+00:00,,,,,Male,10-17,Other ethnic group - Not stated,Black,Police and Criminal Evidence Act 1984 (section 1),Article for use in theft,A no further action disposal,False,False
Person search,2023-08-21T12:30:58+00:00,,,,,Male,25-34,White - Any other White background,White,Misuse of Drugs Act 1971 (section 23),Controlled drugs,Khat or Cannabis warning,True,False
Person search,2023-08-21T16:19:38+00:00,,,51.508588,-0.074039,Male,10-17,Other ethnic group - Not stated,Other,Police and Criminal Evidence Act 1984 (section 1),Stolen goods,A no further action disposal,False,False
Person search,2023-08-21T16:26:08+00:00,,,51.512416,-0.118727,Female,over 34,Other ethnic group - Not stated,White,Police and Criminal Evidence Act 1984 (section 1),Article for use in theft,A no further action disposal,True,False
Person search,2023-08-21T16:26:23+00:00,,,,,Male,over 34,White - English/Welsh/Scottish/Northern Irish/British,White,Police and Criminal Evidence Act 1984 (section 1),Article for use in theft,A no further action disposal,False,False
Person search,2023-08-21T16:26:23+00:00,,,,,Male,10-17,Asian/Asian British - Any other Asian background,Other,Police and Criminal Evidence Act 1984 (section 1),Article for use in theft,A no further action disposal,False,False
Person search,2023-08-21T16:26:23+00:00,,,,,Male,10-17,Black/African/Caribbean/Black British - Any other Black/African/Caribbean background,Other,Police and Criminal Evidence Act 1984 (section 1),Article for use in theft,A no further action disposal,False,False
Person search,2023-08-21T20:03:32+00:00,,,51.517239,-0.106076,Male,10-17,Other ethnic group - Not stated,Black,Police and Criminal Evidence Act 1984 (section 1),Offensive weapons,A no further action disposal,False,False
Person search,2023-08-22T01:44:12+00:00,,,51.516360,-0.082993,Male,25-34,Other ethnic group - Not stated,White,Misuse of Drugs Act 1971 (section 23),Controlled drugs,A no further action disposal,False,False
Person and Vehicle search,2023-08-22T06:07:34+00:00,,,51.521575,-0.097290,Male,over 34,Other ethnic group - Not stated,Black,Misuse of Drugs Act 1971 (section 23),Controlled drugs,A no further action disposal,False,True
Person search,2023-08-22T17:28:07+00:00,,,51.516869,-0.081113,Male,18-24,White - English/Welsh/Scottish/Northern Irish/British,White,Misuse of Drugs Act 1971 (section 23),Controlled drugs,A no further action disposal,False,False
Person search,2023-08-22T18:38:54+00:00,,,51.514626,-0.097291,Male,over 34,Black/African/Caribbean/Black British - African,Black,Police and Criminal Evidence Act 1984 (section 1),Stolen goods,Arrest,True,False
Person search,2023-08-23T02:42:52+00:00,,,,,Male,,,,Police and Criminal Evidence Act 1984 (section 1),Offensive weapons,A no further action disposal,False,False
Person and Vehicle search,2023-08-23T03:05:55+00:00,,,51.508312,-0.079138,Male,25-34,Other ethnic group - Not stated,White,Misuse of Drugs Act 1971 (section 23),Controlled drugs,A no further action disposal,False,False
Person and Vehicle search,2023-08-23T07:37:23+00:00,,,51.512033,-0.104980,Male,18-24,Other ethnic group - Not stated,White,Misuse of Drugs Act 1971 (section 23),Controlled drugs,A no further action disposal,False,False
Person search,2023-08-23T10:01:31+00:00,,,51.517332,-0.098519,Male,25-34,White - English/Welsh/Scottish/Northern Irish/British,White,Police and Criminal Evidence Act 1984 (section 1),Offensive weapons,A no further action disposal,True,False
Person search,2023-08-23T10:29:16+00:00,,,51.514830,-0.083349,Male,18-24,Mixed/Multiple ethnic groups - Any other Mixed/Multiple ethnic background,Other,Police and Criminal Evidence Act 1984 (section 1),Article for use in theft,Arrest,True,False
Person search,2023-08-23T14:34:39+00:00,,,51.514770,-0.101292,Male,18-24,White - English/Welsh/Scottish/Northern Irish/British,White,Police and Criminal Evidence Act 1984 (section 1),Article for use in theft,A no further action disposal,True,False
Person search,2023-08-23T17:01:03+00:00,,,51.511965,-0.075453,Male,25-34,Other ethnic group - Not stated,Black,Police and Criminal Evidence Act 1984 (section 1),Stolen goods,A no further action disposal,False,False
Person search,2023-08-23T18:10:17+00:00,,,51.519730,-0.091082,Male,25-34,Other ethnic group - Not stated,Black,Misuse of Drugs Act 1971 (section 23),Controlled drugs,A no further action disposal,False,False
Person search,2023-08-23T18:43:41+00:00,,,,,Male,18-24,Other ethnic group - Not stated,Black,Firearms Act 1968 (section 47),Firearms,A no further action disposal,True,False
Person search,2023-08-23T22:12:59+00:00,,,51.514830,-0.083349,Male,over 34,Mixed/Multiple ethnic groups - White and Asian,Asian,Police and Criminal Evidence Act 1984 (section 1),Stolen goods,A no further action disposal,False,False
Person search,2023-08-24T11:53:17+00:00,,,51.516869,-0.081113,Male,,,,Misuse of Drugs Act 1971 (section 23),Controlled drugs,A no further action disposal,False,False
Person search,2023-08-24T12:14:46+00:00,,,51.516869,-0.081113,Male,,,,Misuse of Drugs Act 1971 (section 23),Controlled drugs,A no further action disposal,False,False
Person search,2023-08-24T13:02:30+00:00,,,51.517007,-0.086815,Male,18-24,Mixed/Multiple ethnic groups - Any other Mixed/Multiple ethnic background,Black,Misuse of Drugs Act 1971 (section 23),Controlled drugs,A no further action disposal,True,False
Person search,2023-08-24T16:33:31+00:00,,,51.516869,-0.081113,Male,25-34,Other ethnic group - Not stated,White,Police and Criminal Evidence Act 1984 (section 1),Article for use in theft,A no further action disposal,False,False
Person search,2023-08-24T16:33:31+00:00,,,51.517326,-0.079883,Male,25-34,Other ethnic group - Not stated,White,Police and Criminal Evidence Act 1984 (section 1),Article for use in theft,A no further action disposal,False,False
Person search,2023-08-24T18:23:31+00:00,,,51.512416,-0.118727,Male,over 34,Black/African/Caribbean/Black British - Caribbean,Black,Police and Criminal Evidence Act 1984 (section 1),Article for use in theft,Arrest,True,False
Person search,2023-08-24T18:23:31+00:00,,,51.515062,-0.097144,Male,over 34,Black/African/Caribbean/Black British - Caribbean,Black,Police and Criminal Evidence Act 1984 (section 1),Article for use in theft,Arrest,True,False
Person search,2023-08-24T19:06:54+00:00,,,,,Male,18-24,Mixed/Multiple ethnic groups - White and Black African,Black,Misuse of Drugs Act 1971 (section 23),Controlled drugs,A no further action disposal,False,False
Person search,2023-08-24T19:20:03+00:00,,,51.514975,-0.088456,Male,18-24,Other ethnic group - Not stated,Black,Misuse of Drugs Act 1971 (section 23),Controlled drugs,A no further action disposal,False,False
Person search,2023-08-24T19:45:52+00:00,,,51.513736,-0.095224,Female,over 34,White - English/Welsh/Scottish/Northern Irish/British,White,Police and Criminal Evidence Act 1984 (section 1),Stolen goods,A no further action disposal,False,False
Person and Vehicle search,2023-08-25T01:32:46+00:00,,,51.511164,-0.075401,Male,18-24,Other ethnic group - Not stated,White,Police and Criminal Evidence Act 1984 (section 1),Article for use in theft,A no further action disposal,True,False
Person search,2023-08-25T01:51:18+00:00,,,51.517296,-0.081902,Male,25-34,Other ethnic group - Not stated,White,Misuse of Drugs Act 1971 (section 23),Controlled drugs,A no further action disposal,False,False
Person and Vehicle search,2023-08-25T02:13:50+00:00,,,51.511164,-0.075401,Female,25-34,Other ethnic group - Not stated,White,Police and Criminal Evidence Act 1984 (section 1),Article for use in theft,A no further action disposal,False,False
Person and Vehicle search,2023-08-25T02:53:02+00:00,,,51.517239,-0.106076,Male,25-34,Other ethnic group - Not stated,White,Misuse of Drugs Act 1971 (section 23),Evidence of offences under the Act,A no further action disposal,False,False
Person and Vehicle search,2023-08-25T02:53:02+00:00,,,51.517239,-0.106076,Male,18-24,,,Misuse of Drugs Act 1971 (section 23),Evidence of offences under the Act,A no further action disposal,False,False
Person and Vehicle search,2023-08-25T02:57:57+00:00,,,51.517239,-0.106076,Male,18-24,Other ethnic group - Not stated,White,Misuse of Drugs Act 1971 (section 23),Controlled drugs,A no further action disposal,False,False
Person search,2023-08-25T03:04:47+00:00,,,51.516869,-0.081113,Male,25-34,Other ethnic group - Not stated,White,Police and Criminal Evidence Act 1984 (section 1),Article for use in theft,A no further action disposal,True,False
Person search,2023-08-25T04:51:29+00:00,,,51.516869,-0.081113,Male,10-17,Other ethnic group - Not stated,White,Misuse of Drugs Act 1971 (section 23),Controlled drugs,A no further action disposal,False,False
Person search,2023-08-25T05:18:27+00:00,,,51.516869,-0.081113,Male,18-24,Other ethnic group - Not stated,White,Misuse of Drugs Act 1971 (section 23),Controlled drugs,A no further action disposal,True,False
Person search,2023-08-25T10:47:36+00:00,,,,,Male,25-34,White - English/Welsh/Scottish/Northern Irish/British,White,Misuse of Drugs Act 1971 (section 23),Controlled drugs,A no further action disposal,True,False
Person search,2023-08-25T16:48:36+00:00,,,51.528176,-0.068138,Male,over 34,Other ethnic group - Not stated,Black,Police and Criminal Evidence Act 1984 (section 1),Offensive weapons,A no further action disposal,False,False
Person search,2023-08-25T17:28:58+00:00,,,,,Male,,,,Misuse of Drugs Act 1971 (section 23),Evidence of offences under the Act,A no further action disposal,False,True
Person search,2023-08-25T20:13:29+00:00,,,51.516869,-0.081113,Male,10-17,White - English/Welsh/Scottish/Northern Irish/British,White,Misuse of Drugs Act 1971 (section 23),Controlled drugs,A no further action disposal,True,False
Person and Vehicle search,2023-08-25T20:54:31+00:00,,,51.511884,-0.108027,Male,25-34,White - English/Welsh/Scottish/Northern Irish/British,White,Misuse of Drugs Act 1971 (section 23),Controlled drugs,Arrest,True,False
Person search,2023-08-26T05:50:27+00:00,,,51.516869,-0.081113,Male,25-34,Other ethnic group - Not stated,Other,Police and Criminal Evidence Act 1984 (section 1),Offensive weapons,A no further action disposal,False,False
Person search,2023-08-26T06:34:40+00:00,,,51.511196,-0.079521,Male,18-24,Asian/Asian British - Indian,Asian,Police and Criminal Evidence Act 1984 (section 1),Stolen goods,A no further action disposal,False,False
Person search,2023-08-26T06:53:32+00:00,,,,,Male,25-34,Other ethnic group - Not stated,Black,Police and Criminal Evidence Act 1984 (section 1),Offensive weapons,A no further action disposal,False,False
Person search,2023-08-26T06:55:15+00:00,,,51.516869,-0.081113,Male,18-24,Other ethnic group - Not stated,Black,Police and Criminal Evidence Act 1984 (section 1),Offensive weapons,A no further action disposal,False,False
Person search,2023-08-27T00:03:05+00:00,,,51.518907,-0.077597,Male,over 34,Other ethnic group - Not stated,Asian,Misuse of Drugs Act 1971 (section 23),Controlled drugs,A no further action disposal,False,False
Person search,2023-08-27T00:50:36+00:00,,,51.518440,-0.078755,Male,,,,Misuse of Drugs Act 1971 (section 23),Evidence of offences under the Act,A no further action disposal,False,False
Person search,2023-08-27T02:45:08+00:00,,,,,Male,,,,Police and Criminal Evidence Act 1984 (section 1),Offensive weapons,A no further action disposal,False,False
Person search,2023-08-27T02:45:58+00:00,,,,,Male,18-24,Other ethnic group - Not stated,Black,Police and Criminal Evidence Act 1984 (section 1),Offensive weapons,A no further action disposal,False,False
Person search,2023-08-27T02:51:58+00:00,,,,,Male,18-24,Other ethnic group - Not stated,Black,Police and Criminal Evidence Act 1984 (section 1),Offensive weapons,A no further action disposal,False,False
Person search,2023-08-27T20:52:06+00:00,,,51.517308,-0.102585,Male,,,,Misuse of Drugs Act 1971 (section 23),Controlled drugs,A no further action disposal,False,False
Person and Vehicle search,2023-08-28T05:52:10+00:00,,,51.510761,-0.101963,Male,18-24,White - English/Welsh/Scottish/Northern Irish/British,White,Misuse of Drugs Act 1971 (section 23),Controlled drugs,A no further action disposal,False,False
Person search,2023-08-28T06:02:10+00:00,,,51.521435,-0.094759,Female,25-34,Other ethnic group - Not stated,White,Police and Criminal Evidence Act 1984 (section 1),Controlled drugs,A no further action disposal,True,False
Person search,2023-08-28T06:50:11+00:00,,,51.510761,-0.101963,Female,,,,Misuse of Drugs Act 1971 (section 23),Controlled drugs,A no further action disposal,False,False
Person search,2023-08-28T07:27:33+00:00,,,51.510761,-0.101963,Male,18-24,White - English/Welsh/Scottish/Northern Irish/British,White,Misuse of Drugs Act 1971 (section 23),Controlled drugs,Arrest,True,False
Person search,2023-08-28T08:25:46+00:00,,,51.521435,-0.094759,Male,25-34,White - English/Welsh/Scottish/Northern Irish/British,White,Police and Criminal Evidence Act 1984 (section 1),Articles for use in criminal damage,A no further action disposal,True,False
Person search,2023-08-28T09:06:11+00:00,,,,,Male,,,,Firearms Act 1968 (section 47),Firearms,A no further action disposal,False,False
Person search,2023-08-28T10:20:06+00:00,,,,,Male,,Other ethnic group - Any other ethnic group,Black,Criminal Justice and Public Order Act 1994 (section 60),Offensive weapons,A no further action disposal,False,False
Person search,2023-08-28T10:36:25+00:00,,,,,Male,,Other ethnic group - Not stated,Black,Criminal Justice and Public Order Act 1994 (section 60),Offensive weapons,A no further action disposal,False,False
Person search,2023-08-28T13:24:57+00:00,,,,,Male,,,,Criminal Justice and Public Order Act 1994 (section 60),Offensive weapons,A no further action disposal,False,False
Person and Vehicle search,2023-08-28T13:38:30+00:00,,,51.529849,-0.123588,Female,25-34,Other ethnic group - Not stated,Other,Police and Criminal Evidence Act 1984 (section 1),Offensive weapons,A no further action disposal,False,False
Person search,2023-08-28T13:38:44+00:00,,,51.529849,-0.123588,Male,25-34,Other ethnic group - Not stated,White,Police and Criminal Evidence Act 1984 (section 1),Offensive weapons,A no further action disposal,False,False
Person search,2023-08-28T13:56:15+00:00,,,,,Male,,,,Criminal Justice and Public Order Act 1994 (section 60),Offensive weapons,A no further action disposal,False,False
Person search,2023-08-28T14:38:39+00:00,,,,,Male,,,,Criminal Justice and Public Order Act 1994 (section 60),Offensive weapons,A no further action disposal,False,False
Person search,2023-08-28T14:39:55+00:00,,,51.508884,-0.014121,Male,10-17,Black/African/Caribbean/Black British - Caribbean,Black,Criminal Justice and Public Order Act 1994 (section 60),Offensive weapons,A no further action disposal,False,False
Person search,2023-08-28T16:45:57+00:00,,,,,Male,,,,Criminal Justice and Public Order Act 1994 (section 60),Offensive weapons,A no further action disposal,False,False
Person search,2023-08-29T02:36:13+00:00,,,,,Male,10-17,White - English/Welsh/Scottish/Northern Irish/British,White,Criminal Justice and Public Order Act 1994 (section 60),Offensive weapons,A no further action disposal,True,False
Person search,2023-08-29T02:52:32+00:00,,,,,Male,18-24,Other ethnic group - Not stated,Black,Criminal Justice and Public Order Act 1994 (section 60),Offensive weapons,A no further action disposal,True,False
Person search,2023-08-29T03:28:38+00:00,,,,,Male,18-24,Other ethnic group - Not stated,Black,Criminal Justice and Public Order Act 1994 (section 60),Offensive weapons,A no further action disposal,True,False
Person search,2023-08-29T04:51:17+00:00,,,,,Male,,,,Criminal Justice and Public Order Act 1994 (section 60),Offensive weapons,A no further action disposal,False,False
Person search,2023-08-29T05:01:45+00:00,,,,,Male,,,,Criminal Justice and Public Order Act 1994 (section 60),Offensive weapons,A no further action disposal,False,False
Person search,2023-08-29T11:46:51+00:00,,,,,Male,,,,Criminal Justice and Public Order Act 1994 (section 60),Offensive weapons,A no further action disposal,False,False
Person search,2023-08-29T12:17:48+00:00,,,,,Male,,,,Criminal Justice and Public Order Act 1994 (section 60),Offensive weapons,A no further action disposal,False,False
Person search,2023-08-29T12:30:07+00:00,,,,,Male,,,,Criminal Justice and Public Order Act 1994 (section 60),Offensive weapons,A no further action disposal,False,False
Person search,2023-08-29T12:55:23+00:00,,,,,Male,,,,Criminal Justice and Public Order Act 1994 (section 60),Offensive weapons,A no further action disposal,False,False
Person search,2023-08-29T12:56:57+00:00,,,,,Male,18-24,Black/African/Caribbean/Black British - Caribbean,Black,Criminal Justice and Public Order Act 1994 (section 60),Offensive weapons,A no further action disposal,False,False
Person search,2023-08-29T13:15:52+00:00,,,,,Male,,Other ethnic group - Not stated,Black,Criminal Justice and Public Order Act 1994 (section 60),Offensive weapons,A no further action disposal,False,False
Person search,2023-08-29T13:16:45+00:00,,,51.509967,-0.078059,Male,18-24,Asian/Asian British - Bangladeshi,Asian,Misuse of Drugs Act 1971 (section 23),Controlled drugs,A no further action disposal,False,False
Person search,2023-08-29T13:17:48+00:00,,,,,Male,,,,Criminal Justice and Public Order Act 1994 (section 60),Offensive weapons,A no further action disposal,False,False
Person search,2023-08-29T17:21:01+00:00,,,,,Male,,,,Criminal Justice and Public Order Act 1994 (section 60),Offensive weapons,A no further action disposal,False,False
Person search,2023-08-29T17:29:13+00:00,,,,,Male,,,,Criminal Justice and Public Order Act 1994 (section 60),Offensive weapons,A no further action disposal,False,False
Person search,2023-08-29T17:37:03+00:00,,,,,Male,,,,Criminal Justice and Public Order Act 1994 (section 60),Offensive weapons,A no further action disposal,False,False
Person search,2023-08-29T21:12:51+00:00,,,,,Male,,,,Criminal Justice and Public Order Act 1994 (section 60),Evidence of offences under the Act,A no further action disposal,False,False
Person search,2023-08-29T21:19:51+00:00,,,,,Male,,,,Criminal Justice and Public Order Act 1994 (section 60),Evidence of offences under the Act,A no further action disposal,False,False
Person search,2023-08-29T21:25:09+00:00,,,,,Male,,,,Criminal Justice and Public Order Act 1994 (section 60),Evidence of offences under the Act,A no further action disposal,False,False
Person search,2023-08-29T21:45:52+00:00,,,51.521435,-0.094759,Male,18-24,Other ethnic group - Any other ethnic group,White,Police and Criminal Evidence Act 1984 (section 1),Articles for use in criminal damage,Arrest,True,False
Person search,2023-08-30T01:40:09+00:00,,,,,Male,25-34,Black/African/Caribbean/Black British - Caribbean,Black,Criminal Justice and Public Order Act 1994 (section 60),Evidence of offences under the Act,A no further action disposal,True,False
Person search,2023-08-30T01:57:29+00:00,,,,,Male,18-24,Other ethnic group - Not stated,Asian,Misuse of Drugs Act 1971 (section 23),Controlled drugs,Khat or Cannabis warning,True,False
Person search,2023-08-30T02:08:33+00:00,,,51.516869,-0.081113,Male,18-24,White - Any other White background,White,Misuse of Drugs Act 1971 (section 23),Controlled drugs,Khat or Cannabis warning,True,False
Person search,2023-08-30T02:28:14+00:00,,,51.512105,-0.085089,Male,25-34,Other ethnic group - Not stated,Black,Misuse of Drugs Act 1971 (section 23),Controlled drugs,A no further action disposal,False,False
Person search,2023-08-30T04:32:40+00:00,,,,,Male,10-17,Other ethnic group - Not stated,Black,Psychoactive Substances Act 2016 (s36(2)),Controlled drugs,A no further action disposal,True,False
Person search,2023-08-30T04:37:14+00:00,,,,,Male,25-34,White - Any other White background,White,Psychoactive Substances Act 2016 (s36(2)),Psychoactive substances,A no further action disposal,True,False
Person search,2023-08-30T06:06:00+00:00,,,51.511164,-0.075401,Male,25-34,White - Any other White background,White,Police and Criminal Evidence Act 1984 (section 1),Article for use in theft,A no further action disposal,False,False
Person search,2023-08-30T06:48:55+00:00,,,,,Male,10-17,Other ethnic group - Not stated,Black,Police and Criminal Evidence Act 1984 (section 1),Offensive weapons,A no further action disposal,False,False
Person and Vehicle search,2023-08-30T07:59:01+00:00,,,51.520455,-0.082648,Male,,,,Misuse of Drugs Act 1971 (section 23),Controlled drugs,A no further action disposal,False,False
Person and Vehicle search,2023-08-30T08:33:49+00:00,,,51.520455,-0.082648,Male,,,,Misuse of Drugs Act 1971 (section 23),Controlled drugs,A no further action disposal,False,False
Person search,2023-08-30T11:45:43+00:00,,,51.513736,-0.095224,Male,over 34,White - English/Welsh/Scottish/Northern Irish/British,White,Misuse of Drugs Act 1971 (section 23),Controlled drugs,Khat or Cannabis warning,True,False
Person search,2023-08-30T12:31:22+00:00,,,,,Male,18-24,Other ethnic group - Not stated,Black,Criminal Justice and Public Order Act 1994 (section 60),Offensive weapons,A no further action disposal,False,False
Person search,2023-08-30T14:12:32+00:00,,,,,Male,18-24,Other ethnic group - Not stated,Black,Psychoactive Substances Act 2016 (s36(2)),Psychoactive substances,A no further action disposal,True,False
Person search,2023-08-30T14:18:05+00:00,,,,,Male,,Other ethnic group - Not stated,Black,Criminal Justice and Public Order Act 1994 (section 60),Offensive weapons,A no further action disposal,False,False
Person search,2023-08-30T14:21:50+00:00,,,,,Male,,Other ethnic group - Not stated,Black,Criminal Justice and Public Order Act 1994 (section 60),Offensive weapons,A no further action disposal,False,False
Person search,2023-08-30T14:27:35+00:00,,,,,Male,,Other ethnic group - Not stated,Black,Criminal Justice and Public Order Act 1994 (section 60),Offensive weapons,A no further action disposal,False,False
Person search,2023-08-30T14:56:48+00:00,,,,,Male,18-24,Other ethnic group - Not stated,Other,Psychoactive Substances Act 2016 (s36(2)),Psychoactive substances,A no further action disposal,True,False
Person search,2023-08-30T15:34:00+00:00,,,,,Male,,Other ethnic group - Not stated,Black,Criminal Justice and Public Order Act 1994 (section 60),Offensive weapons,A no further action disposal,False,False
Person search,2023-08-30T16:06:26+00:00,,,,,Male,10-17,Other ethnic group - Not stated,Black,Criminal Justice and Public Order Act 1994 (section 60),Offensive weapons,A no further action disposal,False,False
Person search,2023-08-30T16:35:04+00:00,,,,,Male,18-24,Other ethnic group - Not stated,White,Criminal Justice and Public Order Act 1994 (section 60),Offensive weapons,A no further action disposal,False,False
Person search,2023-08-30T16:55:59+00:00,,,,,Male,18-24,Other ethnic group - Not stated,Black,Criminal Justice and Public Order Act 1994 (section 60),Offensive weapons,A no further action disposal,True,False
Person search,2023-08-30T17:01:08+00:00,,,,,Male,,,,Psychoactive Substances Act 2016 (s36(2)),Psychoactive substances,A no further action disposal,True,False
Person search,2023-08-30T17:05:52+00:00,,,,,Male,18-24,Other ethnic group - Not stated,White,Criminal Justice and Public Order Act 1994 (section 60),Offensive weapons,A no further action disposal,False,False
Person search,2023-08-30T17:55:29+00:00,,,,,Male,10-17,Other ethnic group - Not stated,Black,Criminal Justice and Public Order Act 1994 (section 60),Offensive weapons,A no further action disposal,False,False
Person search,2023-08-30T21:05:05+00:00,,,51.519045,-0.097078,Male,over 34,Other ethnic group - Not stated,White,Police and Criminal Evidence Act 1984 (section 1),Offensive weapons,A no further action disposal,True,False
Person search,2023-08-30T21:05:05+00:00,,,51.519045,-0.097078,Male,over 34,White - English/Welsh/Scottish/Northern Irish/British,White,Police and Criminal Evidence Act 1984 (section 1),Offensive weapons,A no further action disposal,True,False
Person search,2023-08-30T21:55:44+00:00,,,,,Male,,,,Criminal Justice and Public Order Act 1994 (section 60),Offensive weapons,A no further action disposal,False,False
Person search,2023-08-30T21:57:52+00:00,,,,,Male,,,,Criminal Justice and Public Order Act 1994 (section 60),Offensive weapons,A no further action disposal,False,False
Person search,2023-08-30T21:59:23+00:00,,,,,Male,,,,Criminal Justice and Public Order Act 1994 (section 60),Offensive weapons,A no further action disposal,False,False
Person search,2023-08-30T22:19:00+00:00,,,51.510725,-0.084844,Male,18-24,Other ethnic group - Not stated,White,Police and Criminal Evidence Act 1984 (section 1),Article for use in theft,Arrest,True,False
Person search,2023-08-30T22:42:56+00:00,,,,,Male,25-34,Other ethnic group - Not stated,Other,Police and Criminal Evidence Act 1984 (section 1),Article for use in theft,A no further action disposal,False,False
