Type,Date,Part of a policing operation,Policing operation,Latitude,Longitude,Gender,Age range,Self-defined ethnicity,Officer-defined ethnicity,Legislation,Object of search,Outcome,Outcome linked to object of search,Removal of more than just outer clothing
Person search,2023-07-01T12:10:39+00:00,,,51.517326,-0.079883,Male,25-34,Asian/Asian British - Pakistani,Asian,Police and Criminal Evidence Act 1984 (section 1),Article for use in theft,A no further action disposal,False,False
Person search,2023-07-01T17:33:07+00:00,,,51.512770,-0.118367,Male,25-34,Asian/Asian British - Any other Asian background,Other,Police and Criminal Evidence Act 1984 (section 1),Article for use in theft,A no further action disposal,False,False
Person search,2023-07-01T18:11:23+00:00,,,51.508588,-0.074039,Male,25-34,Mixed/Multiple ethnic groups - White and Black Caribbean,Black,Police and Criminal Evidence Act 1984 (section 1),Offensive weapons,A no further action disposal,True,False
Person and Vehicle search,2023-07-01T20:05:19+00:00,,,51.513813,-0.073531,Male,over 34,Other ethnic group - Not stated,White,Misuse of Drugs Act 1971 (section 23),Controlled drugs,A no further action disposal,False,True
Person and Vehicle search,2023-07-02T02:34:02+00:00,,,51.511884,-0.108027,Male,18-24,Other ethnic group - Not stated,White,Police and Criminal Evidence Act 1984 (section 1),Stolen goods,A no further action disposal,False,False
Person and Vehicle search,2023-07-02T03:47:47+00:00,,,51.511884,-0.108027,Male,18-24,White - English/Welsh/Scottish/Northern Irish/British,White,Misuse of Drugs Act 1971 (section 23),Controlled drugs,Khat or Cannabis warning,True,False
Person and Vehicle search,2023-07-02T03:59:33+00:00,,,51.511884,-0.108027,Male,18-24,White - English/Welsh/Scottish/Northern Irish/British,White,Misuse of Drugs Act 1971 (section 23),Controlled drugs,Khat or Cannabis warning,True,False
Person and Vehicle search,2023-07-02T04:13:00+00:00,,,51.511884,-0.108027,Male,25-34,,,Misuse of Drugs Act 1971 (section 23),Controlled drugs,Khat or Cannabis warning,True,False
Person search,2023-07-02T04:13:56+00:00,,,51.511884,-0.108027,Male,over 34,Other ethnic group - Not stated,White,Police and Criminal Evidence Act 1984 (section 1),Article for use in theft,A no further action disposal,False,False
Person search,2023-07-02T05:16:17+00:00,,,51.512105,-0.085089,Male,25-34,Other ethnic group - Not stated,White,Misuse of Drugs Act 1971 (section 23),Controlled drugs,Arrest,True,False
Person search,2023-07-02T05:41:30+00:00,,,51.511884,-0.108027,Male,over 34,Other ethnic group - Not stated,White,Police and Criminal Evidence Act 1984 (section 1),Article for use in theft,A no further action disposal,False,False
Person and Vehicle search,2023-07-02T06:10:41+00:00,,,51.517786,-0.107682,Male,25-34,Other ethnic group - Not stated,Other,Misuse of Drugs Act 1971 (section 23),Controlled drugs,A no further action disposal,False,False
Person and Vehicle search,2023-07-02T18:03:04+00:00,,,51.518145,-0.091495,Male,25-34,White - Any other White background,White,Misuse of Drugs Act 1971 (section 23),Controlled drugs,A no further action disposal,False,False
Person search,2023-07-03T03:24:48+00:00,,,51.510761,-0.101963,Female,over 34,Other ethnic group - Not stated,Other,Misuse of Drugs Act 1971 (section 23),Controlled drugs,A no further action disposal,False,False
Person search,2023-07-03T15:39:26+00:00,,,51.517656,-0.077563,Male,10-17,Other ethnic group - Not stated,Asian,Misuse of Drugs Act 1971 (section 23),Controlled drugs,A no further action disposal,False,False
Person search,2023-07-03T15:39:26+00:00,,,,,Male,10-17,Other ethnic group - Not stated,Asian,Misuse of Drugs Act 1971 (section 23),Controlled drugs,A no further action disposal,False,False
Person search,2023-07-03T15:44:31+00:00,,,51.517656,-0.077563,Male,over 34,Other ethnic group - Not stated,White,Misuse of Drugs Act 1971 (section 23),Controlled drugs,A no further action disposal,False,False
Person search,2023-07-03T18:37:33+00:00,,,51.513286,-0.100201,Male,25-34,Other ethnic group - Any other ethnic group,Other,Police and Criminal Evidence Act 1984 (section 1),Stolen goods,A no further action disposal,False,False
Person search,2023-07-03T21:51:17+00:00,,,51.546794,-0.049350,Male,,,,Police and Criminal Evidence Act 1984 (section 1),Offensive weapons,A no further action disposal,False,False
Person search,2023-07-03T22:41:16+00:00,,,51.513286,-0.100201,Male,,,,Police and Criminal Evidence Act 1984 (section 1),Article for use in theft,A no further action disposal,False,False
Person search,2023-07-03T22:55:15+00:00,,,51.514770,-0.101292,Male,,,,Police and Criminal Evidence Act 1984 (section 1),Offensive weapons,A no further action disposal,False,False
Person search,2023-07-04T01:56:21+00:00,,,51.516869,-0.081113,Male,25-34,Other ethnic group - Not stated,White,Police and Criminal Evidence Act 1984 (section 1),Article for use in theft,A no further action disposal,False,False
Person search,2023-07-04T12:12:04+00:00,,,,,Male,over 34,White - Any other White background,White,Misuse of Drugs Act 1971 (section 23),Controlled drugs,Khat or Cannabis warning,True,False
Person search,2023-07-04T13:24:44+00:00,,,51.517785,-0.079907,Male,25-34,Other ethnic group - Not stated,White,Police and Criminal Evidence Act 1984 (section 1),Articles for use in criminal damage,Penalty Notice for Disorder,True,False
Person search,2023-07-04T16:58:02+00:00,,,51.513874,-0.096501,Male,25-34,Other ethnic group - Not stated,White,Police and Criminal Evidence Act 1984 (section 1),Article for use in theft,Arrest,True,False
Person search,2023-07-04T17:35:35+00:00,,,,,Male,over 34,Other ethnic group - Not stated,White,Misuse of Drugs Act 1971 (section 23),Controlled drugs,Khat or Cannabis warning,True,False
Person search,2023-07-04T18:07:44+00:00,,,51.512105,-0.085089,Male,over 34,White - Any other White background,White,Police and Criminal Evidence Act 1984 (section 1),Article for use in theft,Arrest,True,False
Person and Vehicle search,2023-07-04T19:56:01+00:00,,,,,Male,25-34,Other ethnic group - Not stated,White,Misuse of Drugs Act 1971 (section 23),Controlled drugs,A no further action disposal,False,True
Person search,2023-07-05T00:23:45+00:00,,,51.513209,-0.094900,Male,18-24,Other ethnic group - Not stated,White,Misuse of Drugs Act 1971 (section 23),Controlled drugs,A no further action disposal,True,False
Person and Vehicle search,2023-07-05T12:31:26+00:00,,,,,Male,25-34,White - Any other White background,White,Misuse of Drugs Act 1971 (section 23),Controlled drugs,Arrest,True,False
Person search,2023-07-05T14:43:02+00:00,,,51.540022,-0.113624,Male,18-24,White - English/Welsh/Scottish/Northern Irish/British,White,Misuse of Drugs Act 1971 (section 23),Controlled drugs,A no further action disposal,False,False
Person search,2023-07-05T17:42:15+00:00,,,51.514448,-0.100888,Female,18-24,Other ethnic group - Not stated,White,Police and Criminal Evidence Act 1984 (section 1),Article for use in theft,A no further action disposal,False,False
Person search,2023-07-06T10:56:29+00:00,,,51.518083,-0.077804,Male,25-34,Other ethnic group - Any other ethnic group,Other,Police and Criminal Evidence Act 1984 (section 1),Stolen goods,A no further action disposal,True,False
Person search,2023-07-06T11:23:30+00:00,,,51.516869,-0.081113,Male,25-34,Other ethnic group - Not stated,Asian,Police and Criminal Evidence Act 1984 (section 1),Article for use in theft,A no further action disposal,False,False
Person search,2023-07-06T16:03:51+00:00,,,51.510725,-0.084844,Male,25-34,Asian/Asian British - Bangladeshi,Asian,Misuse of Drugs Act 1971 (section 23),Controlled drugs,A no further action disposal,True,False
Person search,2023-07-06T16:11:56+00:00,,,,,Female,25-34,Other ethnic group - Not stated,White,Police and Criminal Evidence Act 1984 (section 1),Article for use in theft,A no further action disposal,False,False
Person search,2023-07-06T16:11:56+00:00,,,51.513736,-0.095224,Female,25-34,Other ethnic group - Not stated,White,Police and Criminal Evidence Act 1984 (section 1),Article for use in theft,A no further action disposal,False,False
Person search,2023-07-06T16:22:31+00:00,,,,,Male,18-24,Other ethnic group - Any other ethnic group,Other,Police and Criminal Evidence Act 1984 (section 1),Article for use in theft,A no further action disposal,False,False
Person search,2023-07-06T16:23:42+00:00,,,51.513736,-0.095224,Female,25-34,Other ethnic group - Not stated,White,Police and Criminal Evidence Act 1984 (section 1),Article for use in theft,A no further action disposal,False,False
Person search,2023-07-06T16:23:42+00:00,,,51.513736,-0.095224,Female,10-17,Other ethnic group - Not stated,White,Police and Criminal Evidence Act 1984 (section 1),Article for use in theft,A no further action disposal,False,False
Person search,2023-07-06T19:19:30+00:00,,,51.516869,-0.081113,Male,25-34,White - Any other White background,White,Police and Criminal Evidence Act 1984 (section 1),Article for use in theft,A no further action disposal,False,False
Person search,2023-07-06T19:43:10+00:00,,,51.514448,-0.100888,Female,10-17,White - Irish,White,Police and Criminal Evidence Act 1984 (section 1),Article for use in theft,A no further action disposal,False,False
Person search,2023-07-06T20:29:19+00:00,,,51.514448,-0.100888,Male,10-17,White - English/Welsh/Scottish/Northern Irish/British,White,Police and Criminal Evidence Act 1984 (section 1),Article for use in theft,A no further action disposal,False,False
Person search,2023-07-06T20:31:09+00:00,,,51.514448,-0.100888,Male,10-17,White - English/Welsh/Scottish/Northern Irish/British,White,Police and Criminal Evidence Act 1984 (section 1),Article for use in theft,A no further action disposal,False,False
Person and Vehicle search,2023-07-06T20:42:43+00:00,,,51.515225,-0.069709,Male,18-24,Other ethnic group - Not stated,Other,Police and Criminal Evidence Act 1984 (section 1),Evidence of offences under the Act,A no further action disposal,False,False
Person search,2023-07-06T21:39:53+00:00,,,51.518440,-0.078755,Male,over 34,Other ethnic group - Not stated,Other,Police and Criminal Evidence Act 1984 (section 1),Evidence of offences under the Act,Arrest,True,False
Person search,2023-07-07T03:30:08+00:00,,,51.517296,-0.081902,Male,18-24,Black/African/Caribbean/Black British - African,Other,Police and Criminal Evidence Act 1984 (section 1),Article for use in theft,A no further action disposal,False,False
Person search,2023-07-07T04:51:05+00:00,,,51.511794,-0.101906,Male,10-17,Other ethnic group - Not stated,White,Misuse of Drugs Act 1971 (section 23),Controlled drugs,Arrest,True,False
Person search,2023-07-07T15:19:25+00:00,,,,,Male,10-17,White - English/Welsh/Scottish/Northern Irish/British,White,Firearms Act 1968 (section 47),Firearms,A no further action disposal,False,False
Person search,2023-07-07T20:01:02+00:00,,,51.513736,-0.095224,Male,18-24,Asian/Asian British - Bangladeshi,Other,Police and Criminal Evidence Act 1984 (section 1),Article for use in theft,A no further action disposal,False,False
Person and Vehicle search,2023-07-07T20:52:58+00:00,,,,,Male,18-24,White - English/Welsh/Scottish/Northern Irish/British,White,Police and Criminal Evidence Act 1984 (section 1),Evidence of offences under the Act,A no further action disposal,True,False
Person search,2023-07-07T22:30:25+00:00,,,51.520001,-0.090105,Male,18-24,Other ethnic group - Not stated,Black,Police and Criminal Evidence Act 1984 (section 1),Article for use in theft,A no further action disposal,False,False
Person search,2023-07-08T03:23:03+00:00,,,51.516869,-0.081113,Male,25-34,Asian/Asian British - Bangladeshi,Asian,Misuse of Drugs Act 1971 (section 23),Controlled drugs,A no further action disposal,True,False
Person search,2023-07-08T03:46:18+00:00,,,51.518145,-0.091495,Male,25-34,White - English/Welsh/Scottish/Northern Irish/British,White,Misuse of Drugs Act 1971 (section 23),Controlled drugs,Community resolution,True,False
Person search,2023-07-08T04:04:17+00:00,,,51.518145,-0.091495,Male,,,,Misuse of Drugs Act 1971 (section 23),Controlled drugs,A no further action disposal,False,False
Person search,2023-07-08T04:11:01+00:00,,,51.516869,-0.081113,Male,,,,Misuse of Drugs Act 1971 (section 23),Controlled drugs,A no further action disposal,False,False
Person search,2023-07-08T04:12:46+00:00,,,51.516869,-0.081113,Male,18-24,Asian/Asian British - Bangladeshi,Asian,Misuse of Drugs Act 1971 (section 23),Controlled drugs,A no further action disposal,False,False
Person and Vehicle search,2023-07-08T13:51:06+00:00,,,51.517461,-0.089808,Male,25-34,Other ethnic group - Not stated,Asian,Misuse of Drugs Act 1971 (section 23),Controlled drugs,A no further action disposal,False,False
Person search,2023-07-08T20:13:22+00:00,,,,,Male,,,,Misuse of Drugs Act 1971 (section 23),Controlled drugs,A no further action disposal,False,False
Person search,2023-07-08T22:16:26+00:00,,,51.517785,-0.079907,Male,25-34,Asian/Asian British - Pakistani,Other,Misuse of Drugs Act 1971 (section 23),Controlled drugs,A no further action disposal,False,False
Person search,2023-07-09T01:31:49+00:00,,,51.516869,-0.081113,Male,,,,Misuse of Drugs Act 1971 (section 23),Controlled drugs,A no further action disposal,False,False
Person search,2023-07-09T21:02:47+00:00,,,51.516869,-0.081113,Male,18-24,White - English/Welsh/Scottish/Northern Irish/British,White,Misuse of Drugs Act 1971 (section 23),Controlled drugs,Khat or Cannabis warning,True,False
Person search,2023-07-10T12:22:49+00:00,,,51.513647,-0.074330,Female,over 34,Other ethnic group - Not stated,White,Police and Criminal Evidence Act 1984 (section 1),Article for use in theft,Arrest,True,False
Person and Vehicle search,2023-07-10T13:19:42+00:00,,,51.514770,-0.101292,Male,18-24,Other ethnic group - Not stated,White,Misuse of Drugs Act 1971 (section 23),Controlled drugs,A no further action disposal,False,False
Person and Vehicle search,2023-07-10T14:11:06+00:00,,,51.515812,-0.077511,Male,18-24,Other ethnic group - Not stated,Other,Police and Criminal Evidence Act 1984 (section 1),Article for use in theft,A no further action disposal,False,False
Person and Vehicle search,2023-07-10T14:23:14+00:00,,,51.510836,-0.097176,Male,25-34,Other ethnic group - Not stated,White,Misuse of Drugs Act 1971 (section 23),Controlled drugs,A no further action disposal,False,False
Person search,2023-07-10T14:40:05+00:00,,,51.510836,-0.097176,Female,18-24,Other ethnic group - Not stated,Other,Misuse of Drugs Act 1971 (section 23),Controlled drugs,A no further action disposal,False,False
Person and Vehicle search,2023-07-10T20:23:52+00:00,,,51.519045,-0.097078,Male,18-24,Asian/Asian British - Bangladeshi,Asian,Misuse of Drugs Act 1971 (section 23),Controlled drugs,A no further action disposal,True,False
Person and Vehicle search,2023-07-11T01:23:10+00:00,,,51.515261,-0.071884,Male,25-34,Other ethnic group - Any other ethnic group,Other,Misuse of Drugs Act 1971 (section 23),Controlled drugs,Arrest,True,False
Person and Vehicle search,2023-07-11T01:30:46+00:00,,,51.515261,-0.071884,Male,18-24,Other ethnic group - Not stated,Other,Misuse of Drugs Act 1971 (section 23),Controlled drugs,A no further action disposal,True,True
Person search,2023-07-11T22:37:58+00:00,,,51.532245,-0.035366,Male,25-34,Other ethnic group - Not stated,Asian,Firearms Act 1968 (section 47),Firearms,A no further action disposal,False,False
Person and Vehicle search,2023-07-12T02:25:34+00:00,,,,,Male,18-24,Other ethnic group - Not stated,Other,Misuse of Drugs Act 1971 (section 23),Controlled drugs,A no further action disposal,False,False
Person search,2023-07-12T09:52:45+00:00,,,51.514770,-0.101292,Male,18-24,Other ethnic group - Not stated,Black,Misuse of Drugs Act 1971 (section 23),Controlled drugs,A no further action disposal,False,False
Person search,2023-07-12T10:48:59+00:00,,,51.514770,-0.101292,Male,18-24,Other ethnic group - Not stated,White,Misuse of Drugs Act 1971 (section 23),Controlled drugs,A no further action disposal,False,False
Person search,2023-07-12T14:49:08+00:00,,,51.514770,-0.101292,Male,18-24,Asian/Asian British - Any other Asian background,Asian,Misuse of Drugs Act 1971 (section 23),Controlled drugs,A no further action disposal,False,False
Person search,2023-07-12T14:49:28+00:00,,,,,Male,over 34,Other ethnic group - Not stated,White,Police and Criminal Evidence Act 1984 (section 1),Article for use in theft,A no further action disposal,False,False
Person search,2023-07-12T15:15:39+00:00,,,51.518231,-0.112953,Male,25-34,Mixed/Multiple ethnic groups - Any other Mixed/Multiple ethnic background,White,Police and Criminal Evidence Act 1984 (section 1),Stolen goods,A no further action disposal,False,False
Person search,2023-07-12T16:23:39+00:00,,,,,Male,25-34,Other ethnic group - Not stated,Asian,Misuse of Drugs Act 1971 (section 23),Controlled drugs,A no further action disposal,True,False
Person search,2023-07-12T17:16:31+00:00,,,,,Male,18-24,White - Any other White background,White,Police and Criminal Evidence Act 1984 (section 1),Stolen goods,A no further action disposal,False,False
Person search,2023-07-12T17:36:27+00:00,,,51.511037,-0.074253,Male,,,,Misuse of Drugs Act 1971 (section 23),Controlled drugs,A no further action disposal,False,False
Person search,2023-07-13T11:29:37+00:00,,,51.508588,-0.074039,Female,18-24,Other ethnic group - Not stated,White,Police and Criminal Evidence Act 1984 (section 1),Stolen goods,A no further action disposal,False,False
Person search,2023-07-13T14:40:47+00:00,,,,,Male,18-24,White - Any other White background,White,Police and Criminal Evidence Act 1984 (section 1),Stolen goods,A no further action disposal,False,False
Person search,2023-07-13T19:02:17+00:00,,,51.517296,-0.081902,Male,25-34,White - English/Welsh/Scottish/Northern Irish/British,White,Misuse of Drugs Act 1971 (section 23),Controlled drugs,Community resolution,True,False
Person search,2023-07-13T20:08:07+00:00,,,51.517326,-0.079883,Male,25-34,Other ethnic group - Not stated,White,Police and Criminal Evidence Act 1984 (section 1),Stolen goods,A no further action disposal,False,False
Person search,2023-07-13T20:49:49+00:00,,,51.517296,-0.081902,Male,25-34,Black/African/Caribbean/Black British - Caribbean,Black,Misuse of Drugs Act 1971 (section 23),Controlled drugs,A no further action disposal,True,False
Person search,2023-07-14T00:27:19+00:00,,,51.517326,-0.079883,Male,over 34,Other ethnic group - Not stated,White,Police and Criminal Evidence Act 1984 (section 1),Article for use in theft,A no further action disposal,False,False
Person search,2023-07-14T03:19:14+00:00,,,51.517326,-0.079883,Male,18-24,White - Any other White background,White,Police and Criminal Evidence Act 1984 (section 1),Article for use in theft,Arrest,True,False
Person and Vehicle search,2023-07-14T06:40:12+00:00,,,51.508588,-0.074039,Male,18-24,Other ethnic group - Not stated,Other,Misuse of Drugs Act 1971 (section 23),Controlled drugs,A no further action disposal,False,False
Person search,2023-07-14T06:57:15+00:00,,,51.514626,-0.097291,Male,25-34,Other ethnic group - Not stated,White,Police and Criminal Evidence Act 1984 (section 1),Article for use in theft,A no further action disposal,False,False
Person search,2023-07-14T07:08:56+00:00,,,51.513736,-0.095224,Male,25-34,White - English/Welsh/Scottish/Northern Irish/British,White,Police and Criminal Evidence Act 1984 (section 1),Article for use in theft,A no further action disposal,False,False
Person search,2023-07-14T10:34:10+00:00,,,,,Male,25-34,White - English/Welsh/Scottish/Northern Irish/British,Other,Firearms Act 1968 (section 47),Firearms,A no further action disposal,True,False
Person search,2023-07-14T12:32:54+00:00,,,51.517296,-0.081902,Male,25-34,White - Any other White background,White,Misuse of Drugs Act 1971 (section 23),Controlled drugs,Khat or Cannabis warning,True,False
Person search,2023-07-14T18:12:01+00:00,,,,,Male,25-34,Other ethnic group - Not stated,White,Police and Criminal Evidence Act 1984 (section 1),Offensive weapons,A no further action disposal,False,False
Person search,2023-07-14T18:37:05+00:00,,,51.522137,-0.106997,Male,10-17,Other ethnic group - Not stated,White,Misuse of Drugs Act 1971 (section 23),Controlled drugs,A no further action disposal,True,False
Person and Vehicle search,2023-07-14T20:56:12+00:00,,,51.508588,-0.074039,Male,18-24,Other ethnic group - Not stated,Other,Misuse of Drugs Act 1971 (section 23),Controlled drugs,A no further action disposal,False,False
Person and Vehicle search,2023-07-15T02:39:00+00:00,,,51.517239,-0.106076,Male,18-24,Other ethnic group - Not stated,White,Misuse of Drugs Act 1971 (section 23),Controlled drugs,A no further action disposal,True,False
Person search,2023-07-15T05:47:24+00:00,,,51.509744,-0.089208,Male,25-34,White - English/Welsh/Scottish/Northern Irish/British,White,Police and Criminal Evidence Act 1984 (section 1),Offensive weapons,A no further action disposal,False,False
Person search,2023-07-15T13:08:08+00:00,,,51.509785,-0.068095,Female,over 34,Other ethnic group - Not stated,White,Police and Criminal Evidence Act 1984 (section 1),Stolen goods,A no further action disposal,False,False
Person search,2023-07-15T16:36:33+00:00,,,51.508588,-0.074039,Male,over 34,Other ethnic group - Not stated,White,Police and Criminal Evidence Act 1984 (section 1),Stolen goods,A no further action disposal,True,False
Person search,2023-07-15T18:05:39+00:00,,,51.508588,-0.074039,Female,over 34,White - Any other White background,White,Police and Criminal Evidence Act 1984 (section 1),Stolen goods,A no further action disposal,False,False
Person search,2023-07-16T02:53:15+00:00,,,51.517296,-0.081902,Male,,,,Psychoactive Substances Act 2016 (s36(2)),Evidence of offences under the Act,A no further action disposal,False,False
Person search,2023-07-16T03:56:37+00:00,,,51.517296,-0.081902,Male,25-34,White - English/Welsh/Scottish/Northern Irish/British,White,Police and Criminal Evidence Act 1984 (section 1),Offensive weapons,A no further action disposal,False,False
Person search,2023-07-16T05:15:14+00:00,,,51.517296,-0.081902,Male,25-34,Other ethnic group - Not stated,Black,Psychoactive Substances Act 2016 (s36(2)),Psychoactive substances,A no further action disposal,False,False
Person search,2023-07-16T13:10:23+00:00,,,,,Female,18-24,White - Any other White background,White,Police and Criminal Evidence Act 1984 (section 1),Stolen goods,A no further action disposal,False,False
Person search,2023-07-16T16:53:45+00:00,,,51.517296,-0.081902,Male,25-34,Other ethnic group - Not stated,Other,Misuse of Drugs Act 1971 (section 23),Controlled drugs,A no further action disposal,False,False
Person search,2023-07-16T20:43:02+00:00,,,51.518948,-0.090553,Male,10-17,Asian/Asian British - Bangladeshi,Asian,Police and Criminal Evidence Act 1984 (section 1),Stolen goods,Arrest,True,False
Person search,2023-07-17T04:46:14+00:00,,,51.513647,-0.074330,Male,25-34,White - English/Welsh/Scottish/Northern Irish/British,White,Misuse of Drugs Act 1971 (section 23),Controlled drugs,A no further action disposal,False,False
Person and Vehicle search,2023-07-17T13:44:23+00:00,,,,,Male,25-34,Other ethnic group - Not stated,White,Police and Criminal Evidence Act 1984 (section 1),Stolen goods,A no further action disposal,False,False
Person and Vehicle search,2023-07-17T14:12:31+00:00,,,51.509744,-0.089208,Male,25-34,Other ethnic group - Any other ethnic group,White,Misuse of Drugs Act 1971 (section 23),Controlled drugs,Arrest,True,False
Person search,2023-07-17T14:23:04+00:00,,,51.545648,-0.077970,Male,18-24,Other ethnic group - Not stated,Asian,Police and Criminal Evidence Act 1984 (section 1),Offensive weapons,A no further action disposal,False,False
Person search,2023-07-17T14:30:43+00:00,,,51.513647,-0.074330,Male,10-17,Other ethnic group - Not stated,Asian,Misuse of Drugs Act 1971 (section 23),Controlled drugs,A no further action disposal,False,False
Person search,2023-07-17T23:34:50+00:00,,,51.512105,-0.085089,Male,18-24,Other ethnic group - Not stated,Black,Police and Criminal Evidence Act 1984 (section 1),Evidence of offences under the Act,A no further action disposal,False,False
Person search,2023-07-18T03:40:49+00:00,,,,,Male,,,,Misuse of Drugs Act 1971 (section 23),Controlled drugs,A no further action disposal,False,False
Person search,2023-07-18T05:24:20+00:00,,,51.514924,-0.074925,Male,over 34,Other ethnic group - Not stated,Black,Misuse of Drugs Act 1971 (section 23),Controlled drugs,A no further action disposal,False,False
Person and Vehicle search,2023-07-18T13:56:38+00:00,,,51.511332,-0.077959,Female,25-34,Other ethnic group - Not stated,Asian,Misuse of Drugs Act 1971 (section 23),Controlled drugs,A no further action disposal,True,False
Person and Vehicle search,2023-07-18T13:57:33+00:00,,,51.511332,-0.077959,Male,25-34,Black/African/Caribbean/Black British - African,Black,Misuse of Drugs Act 1971 (section 23),Controlled drugs,Arrest,True,False
Person search,2023-07-18T15:03:57+00:00,,,,,Male,,,,Misuse of Drugs Act 1971 (section 23),Controlled drugs,A no further action disposal,False,False
Person search,2023-07-18T15:42:34+00:00,,,51.514267,-0.079838,Male,25-34,White - English/Welsh/Scottish/Northern Irish/British,White,Misuse of Drugs Act 1971 (section 23),Controlled drugs,A no further action disposal,False,False
Person search,2023-07-18T18:17:36+00:00,,,,,Male,18-24,White - English/Welsh/Scottish/Northern Irish/British,White,Misuse of Drugs Act 1971 (section 23),Controlled drugs,A no further action disposal,True,False
Person search,2023-07-18T20:54:35+00:00,,,51.509967,-0.078059,Female,25-34,Other ethnic group - Not stated,Black,Misuse of Drugs Act 1971 (section 23),Controlled drugs,Penalty Notice for Disorder,True,False
Person search,2023-07-18T23:37:07+00:00,,,51.512105,-0.085089,Male,18-24,Black/African/Caribbean/Black British - African,Black,Police and Criminal Evidence Act 1984 (section 1),Article for use in theft,A no further action disposal,False,False
Person search,2023-07-19T01:51:55+00:00,,,51.509797,-0.083600,Male,,,,Misuse of Drugs Act 1971 (section 23),Controlled drugs,A no further action disposal,False,False
Person search,2023-07-19T02:35:06+00:00,,,51.513647,-0.074330,Male,over 34,Other ethnic group - Not stated,White,Misuse of Drugs Act 1971 (section 23),Controlled drugs,Khat or Cannabis warning,True,False
Person search,2023-07-19T03:55:40+00:00,,,51.520483,-0.091498,Male,25-34,Other ethnic group - Any other ethnic group,Other,Misuse of Drugs Act 1971 (section 23),Evidence of offences under the Act,A no further action disposal,True,False
Person search,2023-07-19T04:05:08+00:00,,,51.520483,-0.091498,Female,,,,Misuse of Drugs Act 1971 (section 23),Controlled drugs,A no further action disposal,False,False
Person search,2023-07-19T07:47:24+00:00,,,51.509967,-0.078059,Female,25-34,Other ethnic group - Not stated,Black,Misuse of Drugs Act 1971 (section 23),Controlled drugs,Penalty Notice for Disorder,True,False
Person search,2023-07-19T12:11:16+00:00,,,51.518948,-0.090553,Male,25-34,White - Irish,Other,Police and Criminal Evidence Act 1984 (section 1),Article for use in theft,A no further action disposal,True,False
Person and Vehicle search,2023-07-19T12:52:03+00:00,,,51.513813,-0.073531,Male,18-24,Other ethnic group - Not stated,Asian,Misuse of Drugs Act 1971 (section 23),Controlled drugs,A no further action disposal,False,False
Person and Vehicle search,2023-07-19T12:52:57+00:00,,,51.513813,-0.073531,Male,18-24,Other ethnic group - Not stated,Asian,Misuse of Drugs Act 1971 (section 23),Controlled drugs,A no further action disposal,False,False
Person search,2023-07-19T14:12:47+00:00,,,51.517102,-0.088785,Male,over 34,Other ethnic group - Not stated,Other,Police and Criminal Evidence Act 1984 (section 1),Article for use in theft,Arrest,True,False
Person search,2023-07-19T20:08:31+00:00,,,51.509872,-0.092633,Male,25-34,Black/African/Caribbean/Black British - African,Black,Misuse of Drugs Act 1971 (section 23),Controlled drugs,Arrest,True,False
Person search,2023-07-20T03:24:04+00:00,,,,,Male,18-24,White - English/Welsh/Scottish/Northern Irish/British,White,Police and Criminal Evidence Act 1984 (section 1),Offensive weapons,A no further action disposal,True,False
Person search,2023-07-20T11:18:27+00:00,,,51.511896,-0.091540,Male,10-17,Other ethnic group - Not stated,Asian,Police and Criminal Evidence Act 1984 (section 1),Article for use in theft,A no further action disposal,False,False
Person search,2023-07-20T14:10:03+00:00,,,51.510864,-0.089479,Male,10-17,Black/African/Caribbean/Black British - Any other Black/African/Caribbean background,Black,Police and Criminal Evidence Act 1984 (section 1),Stolen goods,A no further action disposal,False,False
Person search,2023-07-21T20:25:24+00:00,,,51.517296,-0.081902,Female,over 34,Other ethnic group - Not stated,Other,Police and Criminal Evidence Act 1984 (section 1),Stolen goods,A no further action disposal,False,False
Person search,2023-07-22T00:14:05+00:00,,,51.517656,-0.077563,Male,18-24,Mixed/Multiple ethnic groups - Any other Mixed/Multiple ethnic background,Asian,Misuse of Drugs Act 1971 (section 23),Controlled drugs,A no further action disposal,False,False
Person search,2023-07-22T01:12:13+00:00,,,51.522700,-0.078576,Male,18-24,Other ethnic group - Not stated,White,Police and Criminal Evidence Act 1984 (section 1),Offensive weapons,A no further action disposal,False,False
Person search,2023-07-22T04:52:51+00:00,,,51.528099,-0.076070,Male,18-24,Other ethnic group - Not stated,Black,Police and Criminal Evidence Act 1984 (section 1),Offensive weapons,A no further action disposal,True,False
Person search,2023-07-22T18:05:43+00:00,,,51.513286,-0.100201,Male,18-24,Other ethnic group - Not stated,Black,Police and Criminal Evidence Act 1984 (section 1),Article for use in theft,A no further action disposal,False,False
Person search,2023-07-23T00:24:18+00:00,,,,,Male,18-24,Other ethnic group - Not stated,Other,Misuse of Drugs Act 1971 (section 23),Controlled drugs,Khat or Cannabis warning,True,False
Person search,2023-07-23T04:13:03+00:00,,,,,Male,18-24,Mixed/Multiple ethnic groups - Any other Mixed/Multiple ethnic background,White,Misuse of Drugs Act 1971 (section 23),Controlled drugs,A no further action disposal,False,False
Person search,2023-07-23T04:24:03+00:00,,,51.511196,-0.079521,Male,18-24,White - Any other White background,White,Misuse of Drugs Act 1971 (section 23),Controlled drugs,A no further action disposal,False,False
Person search,2023-07-23T04:31:51+00:00,,,51.511196,-0.079521,Male,18-24,White - Any other White background,White,Misuse of Drugs Act 1971 (section 23),Controlled drugs,A no further action disposal,False,False
Person search,2023-07-23T04:41:07+00:00,,,51.511196,-0.079521,Male,18-24,White - Any other White background,White,Misuse of Drugs Act 1971 (section 23),Controlled drugs,A no further action disposal,False,False
Person search,2023-07-23T07:13:19+00:00,,,51.509722,-0.090578,Male,18-24,Other ethnic group - Not stated,Other,Misuse of Drugs Act 1971 (section 23),Controlled drugs,A no further action disposal,False,False
Person search,2023-07-23T07:13:51+00:00,,,51.509722,-0.090578,Female,,Other ethnic group - Not stated,Asian,Misuse of Drugs Act 1971 (section 23),Controlled drugs,A no further action disposal,False,False
Person search,2023-07-23T08:03:45+00:00,,,51.509722,-0.090578,Male,,Other ethnic group - Not stated,Other,Misuse of Drugs Act 1971 (section 23),Controlled drugs,A no further action disposal,False,False
Person search,2023-07-23T08:15:42+00:00,,,51.509722,-0.090578,Male,,Other ethnic group - Not stated,Other,Misuse of Drugs Act 1971 (section 23),Controlled drugs,A no further action disposal,False,False
Person search,2023-07-23T08:34:16+00:00,,,51.509722,-0.090578,Male,,Other ethnic group - Not stated,Other,Misuse of Drugs Act 1971 (section 23),Controlled drugs,A no further action disposal,False,False
Person search,2023-07-23T09:34:16+00:00,,,51.509722,-0.090578,Female,,,,Misuse of Drugs Act 1971 (section 23),Controlled drugs,A no further action disposal,False,False
Person and Vehicle search,2023-07-23T20:08:57+00:00,,,,,Male,over 34,White - Any other White background,White,Police and Criminal Evidence Act 1984 (section 1),Stolen goods,Arrest,True,False
Person and Vehicle search,2023-07-23T23:14:34+00:00,,,51.510070,-0.081643,Male,over 34,Other ethnic group - Not stated,White,Police and Criminal Evidence Act 1984 (section 1),Article for use in theft,Arrest,True,False
Person and Vehicle search,2023-07-23T23:32:27+00:00,,,51.507177,-0.095470,Male,25-34,Other ethnic group - Not stated,Other,Misuse of Drugs Act 1971 (section 23),Controlled drugs,A no further action disposal,False,False
Person search,2023-07-24T13:19:58+00:00,,,51.511965,-0.075453,Female,18-24,Other ethnic group - Not stated,White,Police and Criminal Evidence Act 1984 (section 1),Stolen goods,A no further action disposal,False,False
Person and Vehicle search,2023-07-24T14:36:48+00:00,,,51.516869,-0.081113,Male,over 34,Other ethnic group - Not stated,White,Police and Criminal Evidence Act 1984 (section 1),Article for use in theft,Arrest,True,False
Person and Vehicle search,2023-07-24T15:14:01+00:00,,,51.512882,-0.084754,Male,25-34,Other ethnic group - Not stated,White,Police and Criminal Evidence Act 1984 (section 1),Stolen goods,Arrest,True,False
Person search,2023-07-25T14:16:57+00:00,,,,,Male,18-24,Mixed/Multiple ethnic groups - White and Asian,White,Police and Criminal Evidence Act 1984 (section 1),Stolen goods,A no further action disposal,False,False
Person search,2023-07-25T14:20:24+00:00,,,,,Male,25-34,White - Irish,White,Police and Criminal Evidence Act 1984 (section 1),Article for use in theft,A no further action disposal,False,False
Person search,2023-07-25T16:31:25+00:00,,,51.512624,-0.087157,Male,25-34,White - Any other White background,White,Police and Criminal Evidence Act 1984 (section 1),Article for use in theft,Arrest,True,False
Person search,2023-07-25T22:44:50+00:00,,,51.514975,-0.088456,Male,over 34,White - Any other White background,White,Police and Criminal Evidence Act 1984 (section 1),Article for use in theft,A no further action disposal,True,False
Person search,2023-07-26T01:20:24+00:00,,,,,Male,10-17,Other ethnic group - Not stated,White,Misuse of Drugs Act 1971 (section 23),Controlled drugs,A no further action disposal,False,False
Person search,2023-07-26T01:23:07+00:00,,,51.511896,-0.091540,Male,10-17,White - English/Welsh/Scottish/Northern Irish/British,White,Misuse of Drugs Act 1971 (section 23),Controlled drugs,A no further action disposal,False,False
Person search,2023-07-26T01:26:57+00:00,,,51.511896,-0.091540,Male,10-17,Other ethnic group - Not stated,White,Misuse of Drugs Act 1971 (section 23),Controlled drugs,A no further action disposal,True,False
Person search,2023-07-26T06:53:22+00:00,,,51.509722,-0.090578,Male,,Other ethnic group - Not stated,White,Misuse of Drugs Act 1971 (section 23),Controlled drugs,A no further action disposal,False,False
Person search,2023-07-26T07:22:26+00:00,,,51.509722,-0.090578,Male,,Other ethnic group - Not stated,Asian,Misuse of Drugs Act 1971 (section 23),Controlled drugs,A no further action disposal,False,False
Person search,2023-07-26T07:36:02+00:00,,,51.509722,-0.090578,Male,,,,Misuse of Drugs Act 1971 (section 23),Controlled drugs,A no further action disposal,False,False
Person search,2023-07-26T07:49:50+00:00,,,51.509722,-0.090578,Male,,,,Misuse of Drugs Act 1971 (section 23),Controlled drugs,A no further action disposal,False,False
Person search,2023-07-26T07:52:56+00:00,,,51.519045,-0.097078,Male,18-24,Black/African/Caribbean/Black British - African,Black,Police and Criminal Evidence Act 1984 (section 1),Offensive weapons,A no further action disposal,False,False
Person search,2023-07-26T08:01:00+00:00,,,51.509722,-0.090578,Male,,,,Misuse of Drugs Act 1971 (section 23),Controlled drugs,A no further action disposal,False,False
Person and Vehicle search,2023-07-26T10:31:45+00:00,,,51.506722,-0.088586,Male,18-24,Other ethnic group - Not stated,White,Misuse of Drugs Act 1971 (section 23),Controlled drugs,A no further action disposal,False,False
Person search,2023-07-26T11:16:04+00:00,,,51.518461,-0.097103,Male,10-17,Other ethnic group - Not stated,Black,Police and Criminal Evidence Act 1984 (section 1),Offensive weapons,A no further action disposal,False,False
Person and Vehicle search,2023-07-26T12:02:48+00:00,,,51.527673,-0.101231,Male,over 34,Black/African/Caribbean/Black British - Caribbean,Black,Police and Criminal Evidence Act 1984 (section 1),Stolen goods,A no further action disposal,True,False
Person search,2023-07-26T12:09:50+00:00,,,51.509722,-0.090578,Male,18-24,Other ethnic group - Not stated,Asian,Misuse of Drugs Act 1971 (section 23),Controlled drugs,A no further action disposal,True,False
Person search,2023-07-26T13:43:05+00:00,,,51.509722,-0.090578,Female,,,,Misuse of Drugs Act 1971 (section 23),Controlled drugs,A no further action disposal,False,False
Person search,2023-07-26T18:45:43+00:00,,,,,Male,10-17,Black/African/Caribbean/Black British - Caribbean,Black,Police and Criminal Evidence Act 1984 (section 1),Evidence of offences under the Act,A no further action disposal,False,False
Person search,2023-07-26T20:16:59+00:00,,,51.517629,-0.097959,Male,10-17,Black/African/Caribbean/Black British - Caribbean,Black,Police and Criminal Evidence Act 1984 (section 1),Offensive weapons,A no further action disposal,False,False
Person and Vehicle search,2023-07-26T21:29:53+00:00,,,51.506722,-0.088586,Male,18-24,Other ethnic group - Any other ethnic group,White,Misuse of Drugs Act 1971 (section 23),Controlled drugs,A no further action disposal,False,False
Person search,2023-07-26T21:57:05+00:00,,,51.519045,-0.097078,Female,10-17,Mixed/Multiple ethnic groups - Any other Mixed/Multiple ethnic background,Black,Police and Criminal Evidence Act 1984 (section 1),Offensive weapons,A no further action disposal,False,False
Person search,2023-07-26T22:04:06+00:00,,,51.519045,-0.097078,Female,10-17,Black/African/Caribbean/Black British - Caribbean,Black,Police and Criminal Evidence Act 1984 (section 1),Offensive weapons,A no further action disposal,False,False
Person search,2023-07-26T22:19:08+00:00,,,51.519045,-0.097078,Female,10-17,Other ethnic group - Not stated,Black,Police and Criminal Evidence Act 1984 (section 1),Offensive weapons,A no further action disposal,False,False
Person search,2023-07-26T22:21:40+00:00,,,,,Female,18-24,Other ethnic group - Not stated,Black,Police and Criminal Evidence Act 1984 (section 1),Offensive weapons,A no further action disposal,False,False
Person search,2023-07-27T00:12:33+00:00,,,51.518461,-0.097103,Male,10-17,Other ethnic group - Not stated,Black,Police and Criminal Evidence Act 1984 (section 1),Offensive weapons,A no further action disposal,True,False
Person search,2023-07-27T00:20:56+00:00,,,51.517461,-0.089808,Male,10-17,Other ethnic group - Not stated,Black,Police and Criminal Evidence Act 1984 (section 1),Offensive weapons,A no further action disposal,False,False
Person search,2023-07-27T00:29:15+00:00,,,51.517007,-0.086815,Female,10-17,Mixed/Multiple ethnic groups - White and Black Caribbean,Black,Police and Criminal Evidence Act 1984 (section 1),Offensive weapons,A no further action disposal,False,False
Person search,2023-07-27T07:00:06+00:00,,,51.509722,-0.090578,Male,,Other ethnic group - Not stated,Other,Misuse of Drugs Act 1971 (section 23),Controlled drugs,A no further action disposal,False,False
Person search,2023-07-27T07:11:33+00:00,,,51.509722,-0.090578,Male,,Other ethnic group - Not stated,Other,Misuse of Drugs Act 1971 (section 23),Controlled drugs,A no further action disposal,False,False
Person search,2023-07-27T17:48:32+00:00,,,51.517296,-0.081902,Male,over 34,Black/African/Caribbean/Black British - African,Black,Misuse of Drugs Act 1971 (section 23),Controlled drugs,Arrest,True,False
Person search,2023-07-27T20:30:18+00:00,,,51.517296,-0.081902,Male,over 34,Other ethnic group - Not stated,Asian,Police and Criminal Evidence Act 1984 (section 1),Article for use in theft,A no further action disposal,True,False
Person search,2023-07-27T20:53:32+00:00,,,,,Male,25-34,White - Any other White background,White,Misuse of Drugs Act 1971 (section 23),Controlled drugs,Arrest,True,False
Person search,2023-07-27T21:14:04+00:00,,,51.516869,-0.081113,Male,25-34,Other ethnic group - Not stated,Black,Misuse of Drugs Act 1971 (section 23),Controlled drugs,A no further action disposal,True,True
Person search,2023-07-27T21:59:57+00:00,,,,,Male,18-24,Asian/Asian British - Pakistani,Asian,Police and Criminal Evidence Act 1984 (section 1),Offensive weapons,A no further action disposal,False,False
Person search,2023-07-27T23:24:00+00:00,,,51.517332,-0.098519,Male,25-34,Asian/Asian British - Bangladeshi,Asian,Misuse of Drugs Act 1971 (section 23),Controlled drugs,A no further action disposal,False,False
Person and Vehicle search,2023-07-28T02:50:42+00:00,,,51.511196,-0.079521,Male,18-24,Black/African/Caribbean/Black British - Caribbean,Black,Misuse of Drugs Act 1971 (section 23),Controlled drugs,A no further action disposal,False,False
Person search,2023-07-28T12:42:16+00:00,,,,,Male,25-34,Other ethnic group - Not stated,White,Police and Criminal Evidence Act 1984 (section 1),Stolen goods,A no further action disposal,False,False
Person and Vehicle search,2023-07-28T13:32:35+00:00,,,,,Male,,Other ethnic group - Not stated,White,Police and Criminal Evidence Act 1984 (section 1),Stolen goods,A no further action disposal,False,False
Person search,2023-07-28T16:53:52+00:00,,,51.510864,-0.089479,Female,18-24,Other ethnic group - Not stated,White,Police and Criminal Evidence Act 1984 (section 1),Article for use in theft,A no further action disposal,False,False
Person search,2023-07-28T17:08:12+00:00,,,51.522749,-0.086516,Male,25-34,Other ethnic group - Not stated,Black,Misuse of Drugs Act 1971 (section 23),Controlled drugs,A no further action disposal,False,False
Person search,2023-07-28T17:17:06+00:00,,,51.511896,-0.091540,Female,25-34,Other ethnic group - Not stated,White,Police and Criminal Evidence Act 1984 (section 1),Article for use in theft,A no further action disposal,False,False
Person and Vehicle search,2023-07-28T19:01:00+00:00,,,51.513813,-0.073531,Male,18-24,White - Any other White background,White,Misuse of Drugs Act 1971 (section 23),Controlled drugs,A no further action disposal,False,True
Person search,2023-07-28T23:41:33+00:00,,,,,Male,over 34,Other ethnic group - Not stated,Black,Misuse of Drugs Act 1971 (section 23),Controlled drugs,A no further action disposal,False,False
Person search,2023-07-28T23:52:14+00:00,,,51.521127,-0.086858,Male,25-34,Asian/Asian British - Indian,Asian,Misuse of Drugs Act 1971 (section 23),Controlled drugs,A no further action disposal,False,False
Person search,2023-07-29T00:52:23+00:00,,,51.512105,-0.085089,Male,25-34,Other ethnic group - Not stated,Black,Misuse of Drugs Act 1971 (section 23),Controlled drugs,A no further action disposal,False,False
Person search,2023-07-29T02:37:50+00:00,,,51.521127,-0.086858,Male,18-24,Black/African/Caribbean/Black British - Caribbean,Other,Misuse of Drugs Act 1971 (section 23),Controlled drugs,A no further action disposal,False,False
Person search,2023-07-29T02:38:01+00:00,,,51.514770,-0.101292,Male,25-34,Black/African/Caribbean/Black British - African,Black,Misuse of Drugs Act 1971 (section 23),Controlled drugs,Khat or Cannabis warning,True,False
Person and Vehicle search,2023-07-29T10:06:33+00:00,,,51.511884,-0.108027,Male,over 34,White - English/Welsh/Scottish/Northern Irish/British,Other,Misuse of Drugs Act 1971 (section 23),Controlled drugs,A no further action disposal,False,False
Person search,2023-07-29T11:06:27+00:00,,,51.517326,-0.079883,Male,18-24,Other ethnic group - Not stated,White,Police and Criminal Evidence Act 1984 (section 1),Stolen goods,A no further action disposal,False,False
Person search,2023-07-29T12:08:06+00:00,,,51.511332,-0.077959,Male,25-34,Mixed/Multiple ethnic groups - White and Black African,Other,Police and Criminal Evidence Act 1984 (section 1),Evidence of offences under the Act,A no further action disposal,True,False
Person and Vehicle search,2023-07-30T05:54:06+00:00,,,51.513647,-0.074330,Male,25-34,Black/African/Caribbean/Black British - African,Black,Misuse of Drugs Act 1971 (section 23),Controlled drugs,A no further action disposal,False,False
Person and Vehicle search,2023-07-31T02:08:13+00:00,,,51.512105,-0.085089,Male,25-34,Other ethnic group - Not stated,Black,Misuse of Drugs Act 1971 (section 23),Controlled drugs,A no further action disposal,False,False
Person search,2023-07-31T02:09:17+00:00,,,,,Male,18-24,Other ethnic group - Not stated,Black,Misuse of Drugs Act 1971 (section 23),Controlled drugs,A no further action disposal,False,False
Person search,2023-07-31T08:10:22+00:00,,,51.507415,-0.105835,Male,25-34,Other ethnic group - Not stated,Black,Police and Criminal Evidence Act 1984 (section 1),Offensive weapons,A no further action disposal,False,False
Person and Vehicle search,2023-07-31T09:06:26+00:00,,,51.506722,-0.088586,Male,18-24,Other ethnic group - Not stated,White,Misuse of Drugs Act 1971 (section 23),Controlled drugs,A no further action disposal,False,False
Person search,2023-07-31T16:11:30+00:00,,,,,Male,10-17,Other ethnic group - Not stated,White,Police and Criminal Evidence Act 1984 (section 1),Article for use in theft,A no further action disposal,False,False
